model,snr,final-ser,model-size,model-run-time
Transformer,0,0.18855551461378733,6960,131.534512758255
ViterbiNet,0,0.1798610689242681,7002,72.3328070640564
Transformer,1,0.1643888477484385,6960,121.78215742111206
ViterbiNet,1,0.1572499587138494,7002,65.16704058647156
Transformer,2,0.1395555144548416,6960,114.83197021484375
ViterbiNet,2,0.13194440305233002,7002,65.31671714782715
Transformer,3,0.11863884806632996,6960,114.10844397544861
ViterbiNet,3,0.11030551294485728,7002,64.90276026725769
Transformer,4,0.09783329168955485,6960,113.97668385505676
ViterbiNet,4,0.08708329061667125,7002,64.82318472862244
Transformer,5,0.07955551226933798,6960,113.68648743629456
ViterbiNet,5,0.06558329025904337,7002,64.82441735267639
Transformer,6,0.06286106685797374,6960,113.86649346351624
ViterbiNet,6,0.047499958078066506,7002,64.88307046890259
Transformer,8,0.03477774163087209,6960,113.45232319831848
ViterbiNet,8,0.02424996852874756,7002,64.90244340896606
Transformer,9,0.024361082514127094,6960,113.93646717071533
ViterbiNet,9,0.015555532574653625,7002,64.94995594024658
Transformer,10,0.014999981919924419,6960,113.7418897151947
ViterbiNet,10,0.008777761856714885,7002,65.23736357688904
Transformer,11,0.006083324948946635,6960,113.8852026462555
ViterbiNet,11,0.006972208817799886,7002,65.13347268104553
Transformer,12,0.001972214182217916,6960,128.9307029247284
ViterbiNet,12,0.002249988317489624,7002,83.96654939651489
Transformer,13,0.00104166309038798,6960,130.88262820243835
ViterbiNet,13,0.0011666603883107502,7002,84.24129557609558
Transformer,14,0.0003240734338760376,6960,187.85673809051514
ViterbiNet,14,0.00047222018241882324,7002,102.89357113838196
Transformer,15,5.555550257364909e-05,6960,167.47709846496582
ViterbiNet,15,0.00024999876817067467,7002,100.80017304420471
Transformer,16,9.259243806203207e-05,6960,167.5081832408905
ViterbiNet,16,1.8518368403116862e-05,7002,100.65045022964478
Transformer,17,0.0,6960,167.62337446212769
ViterbiNet,17,1.8518368403116862e-05,7002,100.55569911003113
Transformer,0,0.18619440038998922,6960,113.89980292320251
ViterbiNet,0,0.17880551358064015,7002,65.00163912773132
Transformer,1,0.1614166251818339,6960,113.82423710823059
ViterbiNet,1,0.15544440388679504,7002,64.89991331100464
Transformer,2,0.14083329220612845,6960,113.57944250106812
ViterbiNet,2,0.13313884715239208,7002,64.73402976989746
Transformer,3,0.11988884786764781,6960,114.29725885391235
ViterbiNet,3,0.10886106749375661,7002,65.13299322128296
Transformer,4,0.099916623433431,6960,113.61662745475769
ViterbiNet,4,0.08749995549519857,7002,64.8805181980133
Transformer,5,0.08163884520530701,6960,113.64185690879822
ViterbiNet,5,0.06497217893600464,7002,64.60013008117676
Transformer,6,0.06413884421189626,6960,113.681396484375
ViterbiNet,6,0.04780551513036092,7002,64.95085787773132
Transformer,8,0.03172218680381775,6960,114.18195390701294
ViterbiNet,8,0.025583301385243732,7002,64.79984974861145
Transformer,9,0.023555530309677122,6960,113.35799431800842
ViterbiNet,9,0.014611086249351502,7002,64.96545171737671
Transformer,10,0.01363887349764506,6960,113.98561644554138
ViterbiNet,10,0.010944425463676452,7002,64.74948811531067
Transformer,11,0.006611103018124898,6960,113.78209400177002
ViterbiNet,11,0.006361100872357687,7002,64.86663341522217
Transformer,12,0.0030138768752415975,6960,129.2281436920166
ViterbiNet,12,0.001999990940093994,7002,83.39989972114563
Transformer,13,0.0012361071507136028,6960,128.9197497367859
ViterbiNet,13,0.001624991297721863,7002,83.49547100067139
Transformer,14,0.0003333324193954468,6960,170.45960450172424
ViterbiNet,14,0.0005092575152715048,7002,99.90045022964478
Transformer,15,0.00012036979198455811,6960,179.58225917816162
ViterbiNet,15,0.0001574071248372396,7002,106.4606499671936
Transformer,16,0.0,6960,180.73108196258545
ViterbiNet,16,3.7036736806233724e-05,7002,107.53309059143066
Transformer,17,3.7036935488382975e-05,6960,183.25576376914978
ViterbiNet,17,5.555530389149984e-05,7002,111.78181838989258
Transformer,0,0.18894440094629925,6960,130.06669163703918
ViterbiNet,0,0.1811944035689036,7002,71.91547083854675
Transformer,1,0.16758329212665557,6960,120.91998410224915
ViterbiNet,1,0.15683329224586487,7002,73.84409594535828
Transformer,2,0.14080551346143086,6960,121.9894483089447
ViterbiNet,2,0.13199995815753937,7002,75.6093909740448
Transformer,3,0.12088884770870209,6960,119.49338674545288
ViterbiNet,3,0.10941662510236104,7002,71.95048689842224
Transformer,4,0.09752773423989614,6960,113.63076090812683
ViterbiNet,4,0.08533329168955485,7002,65.19632291793823
Transformer,5,0.08183329105377198,6960,135.85628080368042
ViterbiNet,5,0.06508328914642333,7002,75.75007796287537
Transformer,6,0.06377773423989613,6960,128.5705590248108
ViterbiNet,6,0.04799996097882589,7002,77.28141665458679
Transformer,8,0.03247218648592631,6960,128.95189476013184
ViterbiNet,8,0.022972193161646524,7002,72.54531407356262
Transformer,9,0.0207499756415685,6960,116.72630882263184
ViterbiNet,9,0.017361086209615073,7002,70.85407280921936
Transformer,10,0.011749985218048096,6960,124.00348591804504
ViterbiNet,10,0.009083315928777059,7002,76.15005040168762
Transformer,11,0.006638878981272379,6960,125.03397679328918
ViterbiNet,11,0.004777768651644389,7002,71.62147355079651
Transformer,12,0.0019722147782643635,6960,136.3724763393402
ViterbiNet,12,0.0020694323380788166,7002,87.28718829154968
Transformer,13,0.0007916633288065592,6960,146.6016764640808
ViterbiNet,13,0.0008194400866826376,7002,109.67000818252563
Transformer,14,0.00041666587193806963,6960,201.0990126132965
ViterbiNet,14,0.0003148134549458822,7002,109.32985806465149
Transformer,15,6.481468677520752e-05,6960,193.19359278678894
ViterbiNet,15,0.00026851733525594076,7002,113.36604237556458
Transformer,16,0.0,6960,210.37962245941162
ViterbiNet,16,1.8518368403116862e-05,7002,107.2145209312439
Transformer,17,6.481468677520752e-05,6960,172.87775373458862
ViterbiNet,17,0.0,7002,101.7499725818634
Transformer,0,0.18683329204718271,6960,114.9307758808136
ViterbiNet,0,0.1804999581972758,7002,65.58331346511841
Transformer,1,0.1618055138985316,6960,128.5835256576538
ViterbiNet,1,0.15941662589708963,7002,73.45764541625977
Transformer,2,0.14044440388679505,6960,145.16970586776733
ViterbiNet,2,0.13313884834448497,7002,72.44431042671204
Transformer,3,0.12219440480073293,6960,119.02003812789917
ViterbiNet,3,0.10952773670355478,7002,82.8326849937439
Transformer,4,0.0981666245063146,6960,135.5149073600769
ViterbiNet,4,0.08536106705665589,7002,68.41644668579102
Transformer,5,0.08144440074761708,6960,128.16853976249695
ViterbiNet,5,0.06627773543198903,7002,88.71377730369568
Transformer,6,0.0620832900206248,6960,131.99420833587646
ViterbiNet,6,0.04891662617524465,7002,88.1812732219696
Transformer,8,0.03363885263601939,6960,127.46338868141174
ViterbiNet,8,0.024472191135088604,7002,74.83369994163513
Transformer,9,0.022166638573010763,6960,131.55743646621704
ViterbiNet,9,0.01413886547088623,7002,68.50342535972595
Transformer,10,0.014027759830156961,6960,133.26737189292908
ViterbiNet,10,0.011138870120048524,7002,92.61596035957336
Transformer,11,0.005083324909210205,6960,128.33584260940552
ViterbiNet,11,0.004888880054155985,7002,88.02081561088562
Transformer,12,0.002319435477256775,6960,159.95016074180603
ViterbiNet,12,0.0017361021041870117,7002,126.15503287315369
Transformer,13,0.0009444409608840942,6960,147.72237086296082
ViterbiNet,13,0.00126388152440389,7002,119.41748523712158
Transformer,14,0.00041666587193806963,6960,444.04210329055786
ViterbiNet,14,0.0006203677256902059,7002,115.63703060150146
Transformer,15,9.259204069773356e-05,6960,193.49824571609497
ViterbiNet,15,0.00028703590234120685,7002,112.11960458755493
Transformer,16,2.7777751286824546e-05,6960,183.63822031021118
ViterbiNet,16,3.7036736806233724e-05,7002,111.2535629272461
Transformer,17,2.7777751286824546e-05,6960,191.2042224407196
ViterbiNet,17,3.7036736806233724e-05,7002,118.40920519828796
Transformer,0,0.18566662351290386,6960,138.80537605285645
ViterbiNet,0,0.1812221803267797,7002,79.333176612854
Transformer,1,0.16291662355264028,6960,133.70967507362366
ViterbiNet,1,0.15758329172929128,7002,73.12540793418884
Transformer,2,0.14119440356890361,6960,128.02273440361023
ViterbiNet,2,0.13383329073588054,7002,78.28926038742065
Transformer,3,0.11744440337022145,6960,139.53429532051086
ViterbiNet,3,0.1093610688050588,7002,69.32823133468628
Transformer,4,0.09736107091108957,6960,118.65753245353699
ViterbiNet,4,0.08730551143487295,7002,67.53087401390076
Transformer,5,0.07624995708465576,6960,116.4937653541565
ViterbiNet,5,0.06813884397347768,7002,66.89364504814148
Transformer,6,0.06286106924215952,6960,119.40206170082092
ViterbiNet,6,0.05163884739081065,7002,81.93709659576416
Transformer,8,0.03538885394732157,6960,145.1409397125244
ViterbiNet,8,0.025111077825228374,7002,81.1210412979126
Transformer,9,0.02230552872021993,6960,144.8222794532776
ViterbiNet,9,0.01466664433479309,7002,76.25174689292908
Transformer,10,0.013749983906745911,6960,125.92647433280945
ViterbiNet,10,0.009999983112017314,7002,76.20223903656006
Transformer,11,0.007083324193954468,6960,118.62195324897766
ViterbiNet,11,0.006722207268079122,7002,70.42376661300659
Transformer,12,0.0028749889135360716,6960,138.54997158050537
ViterbiNet,12,0.0017777685324350994,7002,85.3233687877655
Transformer,13,0.0012222184737523396,6960,163.2877173423767
ViterbiNet,13,0.0006666634480158488,7002,87.99727654457092
Transformer,14,0.0003611099720001221,6960,192.88402247428894
ViterbiNet,14,0.0004074052969614665,7002,99.20555019378662
Transformer,15,5.555510520935058e-05,6960,168.57663369178772
ViterbiNet,15,3.7036736806233724e-05,7002,99.59501814842224
Transformer,16,2.7777751286824546e-05,6960,168.57492780685425
ViterbiNet,16,5.555550257364909e-05,7002,99.46247982978821
Transformer,17,0.0,6960,167.98815941810608
ViterbiNet,17,1.8518368403116862e-05,7002,99.46366858482361
Transformer,0,0.1848610685269038,6960,113.52178049087524
ViterbiNet,0,0.18055551290512084,7002,64.24318289756775
Transformer,1,0.16619440297285715,6960,113.33926248550415
ViterbiNet,1,0.15638884743054707,7002,64.2437093257904
Transformer,2,0.14058329284191132,6960,113.33044242858887
ViterbiNet,2,0.1333332924048106,7002,63.95659375190735
Transformer,3,0.11986107011636098,6960,113.27107501029968
ViterbiNet,3,0.11086106936136882,7002,64.26916980743408
Transformer,4,0.0974444035689036,6960,113.05484580993652
ViterbiNet,4,0.08688884556293487,7002,64.18892621994019
Transformer,5,0.07997217833995819,6960,113.47817182540894
ViterbiNet,5,0.06519440154234568,7002,63.976402759552
Transformer,6,0.06302773515383403,6960,113.13551735877991
ViterbiNet,6,0.0491388475894928,7002,64.3995304107666
Transformer,8,0.034555519819259646,6960,113.35462689399719
ViterbiNet,8,0.023583303491274517,7002,64.23460125923157
Transformer,9,0.020999974608421325,6960,113.76108384132385
ViterbiNet,9,0.015583309332529703,7002,64.02517819404602
Transformer,10,0.011166651248931885,6960,112.80878639221191
ViterbiNet,10,0.009555538495381674,7002,64.40413570404053
Transformer,11,0.005583325028419494,6960,112.86350393295288
ViterbiNet,11,0.005083324313163757,7002,64.46107053756714
Transformer,12,0.0020555480321248374,6960,129.2652304172516
ViterbiNet,12,0.0026249863704045613,7002,83.10758399963379
Transformer,13,0.0011111066738764446,6960,129.2805290222168
ViterbiNet,13,0.00126388152440389,7002,82.77197980880737
Transformer,14,0.00041666547457377116,6960,175.9687056541443
ViterbiNet,14,0.0003888869285583496,7002,99.78356170654297
Transformer,15,7.407387097676595e-05,6960,169.15618586540222
ViterbiNet,15,9.259223937988282e-05,7002,98.69446611404419
Transformer,16,8.333325386047363e-05,6960,169.30246353149414
ViterbiNet,16,2.7777751286824546e-05,7002,102.20019102096558
Transformer,17,7.407387097676595e-05,6960,168.79375839233398
ViterbiNet,17,0.0,7002,100.95666575431824
Transformer,0,0.18874995668729147,6960,115.42048454284668
ViterbiNet,0,0.1799166238307953,7002,66.0422773361206
Transformer,1,0.16530551354090373,6960,116.66387462615967
ViterbiNet,1,0.1559721823533376,7002,68.182861328125
Transformer,2,0.1406110695997874,6960,114.69992303848267
ViterbiNet,2,0.133305513660113,7002,66.75099205970764
Transformer,3,0.11955551644166311,6960,129.96900582313538
ViterbiNet,3,0.10955551346143087,7002,78.87354850769043
Transformer,4,0.09769440174102784,6960,113.5785264968872
ViterbiNet,4,0.08777773241202036,7002,64.51985669136047
Transformer,5,0.07988884468873342,6960,113.42163801193237
ViterbiNet,5,0.06924995760122934,7002,64.22350311279297
Transformer,6,0.06352773388226828,6960,113.35526132583618
ViterbiNet,6,0.04791662633419037,7002,64.33995223045349
Transformer,8,0.03536107500394185,6960,113.77282929420471
ViterbiNet,8,0.024861079851786295,7002,64.51286625862122
Transformer,9,0.02399997055530548,6960,113.29789757728577
ViterbiNet,9,0.014888864755630494,7002,64.25366282463074
Transformer,10,0.012611094911893208,6960,113.29463291168213
ViterbiNet,10,0.0129721999168396,7002,64.33093857765198
Transformer,11,0.006444436113039653,6960,113.4852659702301
ViterbiNet,11,0.008194430867830912,7002,64.20293498039246
Transformer,12,0.0022222137451171874,6960,129.13402915000916
ViterbiNet,12,0.0018333242336908977,7002,82.6701979637146
Transformer,13,0.0008333289623260498,6960,128.93809509277344
ViterbiNet,13,0.0007638847827911377,7002,82.85385155677795
Transformer,14,0.0003333324193954468,6960,173.46281003952026
ViterbiNet,14,0.0006296271085739135,7002,99.68002676963806
Transformer,15,2.7777751286824546e-05,6960,168.11625385284424
ViterbiNet,15,0.0001574067274729411,7002,98.62742829322815
Transformer,16,0.00012962937355041505,6960,166.04865908622742
ViterbiNet,16,1.8518368403116862e-05,7002,99.11107182502747
Transformer,17,2.7777751286824546e-05,6960,168.55578470230103
ViterbiNet,17,5.555530389149984e-05,7002,99.3286144733429
Transformer,0,0.1847777364651362,6960,113.23781180381775
ViterbiNet,0,0.17969440201918285,7002,64.41635966300964
Transformer,1,0.16480551262696583,6960,114.80562591552734
ViterbiNet,1,0.15847218135992686,7002,66.89407348632812
Transformer,2,0.14233329236507417,6960,118.22526431083679
ViterbiNet,2,0.13211106936136882,7002,65.61300563812256
Transformer,3,0.11983329315980275,6960,114.14857602119446
ViterbiNet,3,0.11008329312006633,7002,65.04564595222473
Transformer,4,0.09644440253575642,6960,114.25638508796692
ViterbiNet,4,0.08694440007209778,7002,64.81781196594238
Transformer,5,0.07886106828848521,6960,114.08470821380615
ViterbiNet,5,0.06530551274617513,7002,65.01279520988464
Transformer,6,0.06544440150260926,6960,114.21577286720276
ViterbiNet,6,0.05088884790738424,7002,64.67998003959656
Transformer,8,0.032944408059120175,6960,114.16176223754883
ViterbiNet,8,0.024277748664220174,7002,64.7164237499237
Transformer,9,0.022666638493537904,6960,114.34391617774963
ViterbiNet,9,0.018861085772514344,7002,64.96294903755188
Transformer,10,0.012944427927335104,6960,113.81951594352722
ViterbiNet,10,0.009583317041397095,7002,64.55922794342041
Transformer,11,0.007888878186543782,6960,113.87609672546387
ViterbiNet,11,0.005805543661117554,7002,64.87842178344727
Transformer,12,0.0022222123543421428,6960,129.403333902359
ViterbiNet,12,0.0015694365898768108,7002,84.30754709243774
Transformer,13,0.0011111068725585937,6960,129.598046541214
ViterbiNet,13,0.0010555495818456015,7002,84.2095353603363
Transformer,14,0.0003518511851628621,6960,174.95666241645813
ViterbiNet,14,0.0004166648785273234,7002,100.45914888381958
Transformer,15,2.7777751286824546e-05,6960,170.34976434707642
ViterbiNet,15,0.00012036979198455811,7002,100.80444478988647
Transformer,16,0.00010185162226359049,6960,168.98498249053955
ViterbiNet,16,5.555530389149984e-05,7002,100.67918825149536
Transformer,17,2.7777751286824546e-05,6960,170.1926553249359
ViterbiNet,17,1.8518368403116862e-05,7002,102.05027675628662
Transformer,0,0.1844166253010432,6960,113.8204870223999
ViterbiNet,0,0.18069440384705862,7002,64.94615578651428
Transformer,1,0.16699995895226796,6960,114.29123830795288
ViterbiNet,1,0.15663884699344635,7002,65.06056237220764
Transformer,2,0.14383329272270204,6960,114.7048671245575
ViterbiNet,2,0.13452773650487265,7002,65.06283736228943
Transformer,3,0.1207499611377716,6960,113.9970715045929
ViterbiNet,3,0.11116662383079529,7002,64.82054162025452
Transformer,4,0.09902773559093475,6960,114.50826382637024
ViterbiNet,4,0.08702773571014405,7002,64.81484293937683
Transformer,5,0.08141662240028381,6960,113.95526814460754
ViterbiNet,5,0.0671944010257721,7002,65.29291772842407
Transformer,6,0.06538884520530701,6960,114.28517508506775
ViterbiNet,6,0.05172217965126038,7002,64.64654207229614
Transformer,8,0.03288885354995728,6960,114.7253692150116
ViterbiNet,8,0.02327774743239085,7002,65.01213884353638
Transformer,9,0.0227221941947937,6960,114.33171796798706
ViterbiNet,9,0.014944419264793396,7002,65.13490772247314
Transformer,10,0.013027759591738382,6960,114.36462903022766
ViterbiNet,10,0.00949998398621877,7002,64.87075018882751
Transformer,11,0.007333323359489441,6960,114.54411435127258
ViterbiNet,11,0.004999990463256836,7002,64.99457931518555
Transformer,12,0.0021944365898768107,6960,129.9675748348236
ViterbiNet,12,0.0014722144603729248,7002,83.85758948326111
Transformer,13,0.0008055529991785685,6960,130.20941257476807
ViterbiNet,13,0.0007916619380315145,7002,84.1798951625824
Transformer,14,0.0003240730365117391,6960,175.9184970855713
ViterbiNet,14,0.000564812421798706,7002,101.22200584411621
Transformer,15,2.7777751286824546e-05,6960,173.9029266834259
ViterbiNet,15,0.00012962897618611655,7002,101.1736147403717
Transformer,16,3.7036935488382975e-05,6960,169.71501302719116
ViterbiNet,16,1.8518368403116862e-05,7002,100.68407249450684
Transformer,17,0.0001759256919225057,6960,170.28790283203125
ViterbiNet,17,1.8518368403116862e-05,7002,101.48619937896729
Transformer,0,0.18661106924215953,6960,114.77878403663635
ViterbiNet,0,0.1813055137793223,7002,64.6450502872467
Transformer,1,0.1632221802075704,6960,113.11771273612976
ViterbiNet,1,0.15663884778817494,7002,65.00042533874512
Transformer,2,0.1426666247844696,6960,114.07413268089294
ViterbiNet,2,0.13163884898026784,7002,64.98302817344666
Transformer,3,0.12077773769696554,6960,114.01235270500183
ViterbiNet,3,0.11094440162181854,7002,64.76948523521423
Transformer,4,0.10177773674329121,6960,116.22149729728699
ViterbiNet,4,0.08672217965126038,7002,74.90885496139526
Transformer,5,0.08363884389400482,6960,126.02905321121216
ViterbiNet,5,0.06602773427963257,7002,69.40443730354309
Transformer,6,0.062194403211275735,6960,147.94878697395325
ViterbiNet,6,0.050416626532872516,7002,89.52401351928711
Transformer,8,0.03177774250507355,6960,148.33261513710022
ViterbiNet,8,0.02305552343527476,7002,86.49307823181152
Transformer,9,0.021111088196436565,6960,125.067307472229
ViterbiNet,9,0.017805529435475666,7002,70.24636697769165
Transformer,10,0.013305538892745971,6960,124.84840750694275
ViterbiNet,10,0.010944425662358603,7002,76.36974596977234
Transformer,11,0.005305548310279846,6960,126.4573450088501
ViterbiNet,11,0.008472206989924113,7002,69.81639885902405
Transformer,12,0.002152769168217977,6960,194.79881405830383
ViterbiNet,12,0.002347211440404256,7002,106.5494134426117
Transformer,13,0.0010972181955973307,6960,173.29173803329468
ViterbiNet,13,0.0014166597525278727,7002,109.02752494812012
Transformer,14,0.00020370284716288248,6960,303.43823051452637
ViterbiNet,14,0.0003333316246668498,7002,122.09714722633362
Transformer,15,9.259243806203207e-05,6960,259.46502447128296
ViterbiNet,15,0.0001944434642791748,7002,108.30209755897522
Transformer,16,0.00010185162226359049,6960,170.9114944934845
ViterbiNet,16,5.555530389149984e-05,7002,100.33865213394165
Transformer,17,1.8518368403116862e-05,6960,168.55979204177856
ViterbiNet,17,0.0,7002,99.79070591926575
Transformer,0,0.1867221806446711,6960,113.42969822883606
ViterbiNet,0,0.1827499572436015,7002,65.15412831306458
Transformer,1,0.16491662363211315,6960,113.03691864013672
ViterbiNet,1,0.15763884802659353,7002,65.85526132583618
Transformer,2,0.14569440126419067,6960,114.19543981552124
ViterbiNet,2,0.13202773690223693,7002,64.61870956420898
Transformer,3,0.12330551485220591,6960,112.71103048324585
ViterbiNet,3,0.11047217865784963,7002,65.26553964614868
Transformer,4,0.09752773642539977,6960,113.44178080558777
ViterbiNet,4,0.08611106733481089,7002,64.92189002037048
Transformer,5,0.08147217790285746,6960,113.60517883300781
ViterbiNet,5,0.06505551278591155,7002,65.13541269302368
Transformer,6,0.06330551306406657,6960,112.43004417419434
ViterbiNet,6,0.04494440535704295,7002,63.57199740409851
Transformer,8,0.03724996288617452,6960,112.26763892173767
ViterbiNet,8,0.0258888570467631,7002,63.38758683204651
Transformer,9,0.02238886018594106,6960,111.54150891304016
ViterbiNet,9,0.01755552887916565,7002,63.555219411849976
Transformer,10,0.014527759353319803,6960,112.88575005531311
ViterbiNet,10,0.010138870278994242,7002,63.50492334365845
Transformer,11,0.0067777675390243534,6960,111.81532430648804
ViterbiNet,11,0.006305543184280396,7002,63.48759365081787
Transformer,12,0.002249990502993266,6960,127.57459473609924
ViterbiNet,12,0.0015694350004196167,7002,82.13760900497437
Transformer,13,0.001263884703318278,6960,127.73887729644775
ViterbiNet,13,0.0019027666250864665,7002,82.336665391922
Transformer,14,0.0003611099720001221,6960,181.49631428718567
ViterbiNet,14,0.00043518284956614177,7002,98.7054500579834
Transformer,15,8.333325386047363e-05,6960,167.76282668113708
ViterbiNet,15,0.00024073958396911621,7002,98.49913287162781
Transformer,16,0.0002499993642171224,6960,166.28515315055847
ViterbiNet,16,8.333285649617513e-05,7002,99.17833018302917
Transformer,17,0.0,6960,166.47721433639526
ViterbiNet,17,5.555550257364909e-05,7002,98.53050780296326
Transformer,0,0.18847218016783396,6960,112.32577443122864
ViterbiNet,0,0.18036107023557027,7002,63.65424680709839
Transformer,1,0.16255551397800447,6960,112.62977266311646
ViterbiNet,1,0.156305513381958,7002,63.65628933906555
Transformer,2,0.14205551405747732,6960,112.4884991645813
ViterbiNet,2,0.13169440189997356,7002,63.72204947471619
Transformer,3,0.11888884921868642,6960,112.03068804740906
ViterbiNet,3,0.10822217921415965,7002,63.60410451889038
Transformer,4,0.10061106920242309,6960,111.95834112167358
ViterbiNet,4,0.08980551163355509,7002,64.12200450897217
Transformer,5,0.08030551135540008,6960,111.85596919059753
ViterbiNet,5,0.06694440027077993,7002,63.62088465690613
Transformer,6,0.06327773412068685,6960,111.67930316925049
ViterbiNet,6,0.049611068964004516,7002,63.63964128494263
Transformer,8,0.033777742981910705,6960,112.54503107070923
ViterbiNet,8,0.022694412072499594,7002,63.73852849006653
Transformer,9,0.022388862768809,6960,112.68361282348633
ViterbiNet,9,0.017999974687894185,7002,63.820754051208496
Transformer,10,0.016555535793304443,6960,112.62677121162415
ViterbiNet,10,0.009638871550559997,7002,63.6698260307312
Transformer,11,0.0075277680158615115,6960,112.12370777130127
ViterbiNet,11,0.008166650931040445,7002,63.87265467643738
Transformer,12,0.0021527697642644244,6960,129.04147219657898
ViterbiNet,12,0.001444435715675354,7002,82.34815049171448
Transformer,13,0.000958329439163208,6960,128.45077109336853
ViterbiNet,13,0.001319437026977539,7002,82.46794819831848
Transformer,14,0.0005555542310078939,6960,188.80738234519958
ViterbiNet,14,0.0005925905704498291,7002,99.16580486297607
Transformer,15,0.00017592549324035644,6960,169.88197803497314
ViterbiNet,15,0.0002592577536900838,7002,98.63255834579468
Transformer,16,5.555550257364909e-05,6960,166.88245511054993
ViterbiNet,16,3.7036736806233724e-05,7002,98.73354482650757
Transformer,17,0.00011111100514729818,6960,169.0315773487091
ViterbiNet,17,3.7036736806233724e-05,7002,98.92973852157593
Transformer,0,0.18711106856664023,6960,112.16887974739075
ViterbiNet,0,0.1816944028933843,7002,63.621944427490234
Transformer,1,0.16280551393826803,6960,117.03887724876404
ViterbiNet,1,0.15752773662408193,7002,67.25532174110413
Transformer,2,0.14327773650487263,6960,115.60460662841797
ViterbiNet,2,0.1336110693216324,7002,71.45367431640625
Transformer,3,0.11730551461378734,6960,137.98557353019714
ViterbiNet,3,0.11019440313180287,7002,76.63186192512512
Transformer,4,0.1028332914908727,6960,124.33013939857483
ViterbiNet,4,0.08783328890800476,7002,76.64677119255066
Transformer,5,0.08041662275791168,6960,124.58137893676758
ViterbiNet,5,0.06816662430763244,7002,63.961520195007324
Transformer,6,0.06141662398974101,6960,112.74403738975525
ViterbiNet,6,0.049833292762438454,7002,64.00597596168518
Transformer,8,0.03333329856395721,6960,112.2999267578125
ViterbiNet,8,0.02452774524688721,7002,63.961385011672974
Transformer,9,0.022166638771692913,6960,112.59043288230896
ViterbiNet,9,0.0141666446129481,7002,63.88111329078674
Transformer,10,0.013222205638885497,6960,112.04511642456055
ViterbiNet,10,0.007777763803799947,7002,63.89661502838135
Transformer,11,0.006861101587613424,6960,112.84205102920532
ViterbiNet,11,0.007249987721443176,7002,63.930100202560425
Transformer,12,0.0015694389740626017,6960,129.2150890827179
ViterbiNet,12,0.001944435437520345,7002,82.47823095321655
Transformer,13,0.0012777737776438396,6960,128.3496310710907
ViterbiNet,13,0.0009722167253494263,7002,82.88764476776123
Transformer,14,0.0002222214142481486,6960,180.78845977783203
ViterbiNet,14,0.00031481305758158365,7002,98.87907409667969
Transformer,15,0.0001388883590698242,6960,169.8868100643158
ViterbiNet,15,5.555530389149984e-05,7002,98.69279146194458
Transformer,16,5.555530389149984e-05,6960,168.1000461578369
ViterbiNet,16,0.0001388883590698242,7002,99.06756734848022
Transformer,17,8.333325386047363e-05,6960,166.8544397354126
ViterbiNet,17,0.0,7002,100.01063919067383
Transformer,0,0.18833329081535338,6960,112.19495105743408
ViterbiNet,0,0.17961106916268665,7002,63.88218545913696
Transformer,1,0.16319440205891927,6960,112.54671502113342
ViterbiNet,1,0.15694440344969432,7002,64.02393960952759
Transformer,2,0.14180551528930663,6960,112.28360271453857
ViterbiNet,2,0.1318332916498184,7002,63.78861689567566
Transformer,3,0.12161107162634531,6960,112.54794073104858
ViterbiNet,3,0.10908329049746196,7002,63.787293672561646
Transformer,4,0.10066662391026815,6960,112.36541152000427
ViterbiNet,4,0.08791662295659383,7002,63.598848819732666
Transformer,5,0.08288884421189625,6960,112.52415156364441
ViterbiNet,5,0.06730551143487294,7002,64.19595241546631
Transformer,6,0.0646944002310435,6960,112.46722650527954
ViterbiNet,6,0.04849995851516724,7002,63.78742432594299
Transformer,8,0.03186107734839121,6960,112.7363395690918
ViterbiNet,8,0.023749969601631164,7002,63.93018960952759
Transformer,9,0.019916642109553018,6960,112.85841989517212
ViterbiNet,9,0.013416645328203837,7002,64.0621657371521
Transformer,10,0.01222220778465271,6960,112.56468462944031
ViterbiNet,10,0.012583314180374146,7002,63.63077187538147
Transformer,11,0.007583323319753011,6960,112.40445709228516
ViterbiNet,11,0.006999986569086711,7002,64.01036977767944
Transformer,12,0.0020555482308069863,6960,128.0042269229889
ViterbiNet,12,0.002138876517613729,7002,82.6677942276001
Transformer,13,0.000652774969736735,6960,128.38930487632751
ViterbiNet,13,0.001444435715675354,7002,82.57386684417725
Transformer,14,0.00037962853908538816,6960,178.2099585533142
ViterbiNet,14,0.0005462940533955892,7002,99.25051999092102
Transformer,15,6.481448809305827e-05,6960,169.132887840271
ViterbiNet,15,8.333285649617513e-05,7002,98.96044301986694
Transformer,16,0.0,6960,166.59786534309387
ViterbiNet,16,3.7036736806233724e-05,7002,98.78735494613647
Transformer,17,7.407387097676595e-05,6960,168.76570415496826
ViterbiNet,17,1.8518368403116862e-05,7002,99.25161123275757
Transformer,0,0.18738884707291922,6960,113.15792346000671
ViterbiNet,0,0.179944402774175,7002,65.12074446678162
Transformer,1,0.16716662406921387,6960,112.33568668365479
ViterbiNet,1,0.15758329192797343,7002,63.930257081985474
Transformer,2,0.14030551354090373,6960,112.50355839729309
ViterbiNet,2,0.13347217917442322,7002,63.99168086051941
Transformer,3,0.12066662569840748,6960,112.79583072662354
ViterbiNet,3,0.11055551330248514,7002,63.818645000457764
Transformer,4,0.09877773423989614,6960,112.32378339767456
ViterbiNet,4,0.09030551115671794,7002,64.05414056777954
Transformer,5,0.07686106701691946,6960,112.36527895927429
ViterbiNet,5,0.06499995748202006,7002,63.961251974105835
Transformer,6,0.06549995640913646,6960,112.83292603492737
ViterbiNet,6,0.051361068685849505,7002,64.07065534591675
Transformer,8,0.036666629910469054,6960,112.52726745605469
ViterbiNet,8,0.02336107929547628,7002,64.08642339706421
Transformer,9,0.019333309133847554,6960,112.77026414871216
ViterbiNet,9,0.013999975323677062,7002,64.06978297233582
Transformer,10,0.01222220520178477,6960,112.60152983665466
ViterbiNet,10,0.008444427847862243,7002,63.86770439147949
Transformer,11,0.005888880491256714,6960,112.8443033695221
ViterbiNet,11,0.0053611016273498536,7002,63.96155595779419
Transformer,12,0.0025277682145436603,6960,128.2916932106018
ViterbiNet,12,0.002749986449877421,7002,82.50932121276855
Transformer,13,0.0007222195466359457,6960,128.39142370224
ViterbiNet,13,0.001180549661318461,7002,82.52509498596191
Transformer,14,0.00034259180227915446,6960,170.8998794555664
ViterbiNet,14,0.0006111083428064982,7002,98.60151505470276
Transformer,15,0.00014814794063568117,6960,165.325697183609
ViterbiNet,15,0.00034259140491485593,7002,98.20620346069336
Transformer,16,3.7036935488382975e-05,6960,163.0493311882019
ViterbiNet,16,3.7036935488382975e-05,7002,98.94480490684509
Transformer,17,0.0,6960,162.71793913841248
ViterbiNet,17,5.555530389149984e-05,7002,98.92820692062378
Transformer,0,0.18786106924215953,6960,112.67873978614807
ViterbiNet,0,0.17905551373958586,7002,64.13214182853699
Transformer,1,0.16388884723186492,6960,112.85662126541138
ViterbiNet,1,0.1574999588727951,7002,64.6343412399292
Transformer,2,0.14149995823701222,6960,112.45292592048645
ViterbiNet,2,0.13369440337022145,7002,64.03944206237793
Transformer,3,0.11991662581761678,6960,112.30557775497437
ViterbiNet,3,0.11030551334222158,7002,64.0239839553833
Transformer,4,0.0991944020986557,6960,112.92784667015076
ViterbiNet,4,0.08577773531277974,7002,63.80296444892883
Transformer,5,0.0806110676129659,6960,112.84734749794006
ViterbiNet,5,0.06569440166155498,7002,63.97704315185547
Transformer,6,0.06341662486394246,6960,112.30108428001404
ViterbiNet,6,0.05008329411347707,7002,63.94449710845947
Transformer,8,0.033944409092267355,6960,112.84430432319641
ViterbiNet,8,0.02261108120282491,7002,64.24386048316956
Transformer,9,0.02430552860101064,6960,112.57581377029419
ViterbiNet,9,0.019944415887196858,7002,63.97715735435486
Transformer,10,0.013527759909629821,6960,112.65352034568787
ViterbiNet,10,0.012277755935986836,7002,64.27601861953735
Transformer,11,0.006527767777442932,6960,112.70216464996338
ViterbiNet,11,0.006083321968714396,7002,64.02391958236694
Transformer,12,0.0021527697642644244,6960,128.79400300979614
ViterbiNet,12,0.002069433132807414,7002,82.5740110874176
Transformer,13,0.0011944401264190674,6960,128.32222080230713
ViterbiNet,13,0.0010833277304967243,7002,82.46465110778809
Transformer,14,0.00025925834973653157,6960,166.07306051254272
ViterbiNet,14,0.0005648120244344076,7002,102.3769736289978
Transformer,15,4.629611968994141e-05,6960,164.11812782287598
ViterbiNet,15,9.259204069773356e-05,7002,98.56773781776428
Transformer,16,4.629611968994141e-05,6960,163.64563012123108
ViterbiNet,16,0.0,7002,98.7885947227478
Transformer,17,5.555550257364909e-05,6960,164.0992031097412
ViterbiNet,17,0.0,7002,98.70925664901733
Transformer,0,0.18744440337022145,6960,112.0454032421112
ViterbiNet,0,0.17986106753349304,7002,63.86546587944031
Transformer,1,0.16688884655634562,6960,112.29675030708313
ViterbiNet,1,0.156861070394516,7002,64.36664748191833
Transformer,2,0.1396666262547175,6960,112.78723216056824
ViterbiNet,2,0.1336666258176168,7002,65.21463418006897
Transformer,3,0.12099996070067087,6960,112.53855061531067
ViterbiNet,3,0.10924995779991149,7002,63.881145000457764
Transformer,4,0.09805551409721375,6960,112.24222302436829
ViterbiNet,4,0.08547217905521393,7002,63.83653116226196
Transformer,5,0.07922217905521393,6960,112.24491453170776
ViterbiNet,5,0.06580551127592722,7002,63.94593167304993
Transformer,6,0.06588884532451629,6960,112.57390451431274
ViterbiNet,6,0.049166625936826074,7002,63.883400678634644
Transformer,8,0.03394440988699595,6960,112.71293759346008
ViterbiNet,8,0.02652774433294932,7002,63.72496247291565
Transformer,9,0.022611083984375,6960,112.46477341651917
ViterbiNet,9,0.015972196261088055,7002,64.38546133041382
Transformer,10,0.014277758797009786,6960,112.11537051200867
ViterbiNet,10,0.010499982635180155,7002,63.88339638710022
Transformer,11,0.006666657527287801,6960,112.04786348342896
ViterbiNet,11,0.007222208976745605,7002,63.99274206161499
Transformer,12,0.0019861032565434773,6960,128.91660904884338
ViterbiNet,12,0.0024166568120320637,7002,82.60538530349731
Transformer,13,0.00045833110809326174,6960,128.88110280036926
ViterbiNet,13,0.0017083243529001872,7002,82.44811224937439
Transformer,14,0.0002870364983876546,6960,171.38237404823303
ViterbiNet,14,0.00040740569432576497,7002,99.15246200561523
Transformer,15,0.0001574067274729411,6960,166.53671526908875
ViterbiNet,15,0.00012962897618611655,7002,98.2843828201294
Transformer,16,0.00011111060778299968,6960,164.3818666934967
ViterbiNet,16,4.629611968994141e-05,7002,98.30110454559326
Transformer,17,0.0,6960,164.6917896270752
ViterbiNet,17,1.8518368403116862e-05,7002,98.58336353302002
Transformer,0,0.18769440193971,6960,112.42890429496765
ViterbiNet,0,0.18030551354090374,7002,63.646828413009644
Transformer,1,0.16127773722012836,6960,112.76015186309814
ViterbiNet,1,0.15644440154234568,7002,64.20377993583679
Transformer,2,0.14166662673155467,6960,112.85223722457886
ViterbiNet,2,0.13374995887279512,7002,64.33630299568176
Transformer,3,0.11536107063293458,6960,111.99999189376831
ViterbiNet,3,0.10899995783964793,7002,64.83396768569946
Transformer,4,0.0979999574025472,6960,112.1418707370758
ViterbiNet,4,0.08722217977046967,7002,63.866504192352295
Transformer,5,0.07955551187197367,6960,112.35030627250671
ViterbiNet,5,0.06797217865784963,7002,64.03942561149597
Transformer,6,0.062027735908826195,6960,112.88035583496094
ViterbiNet,6,0.05319440066814422,7002,64.0239770412445
Transformer,8,0.03469440897305807,6960,112.73714113235474
ViterbiNet,8,0.025972190697987875,7002,63.84988880157471
Transformer,9,0.025333303610483804,6960,112.62594723701477
ViterbiNet,9,0.01786108434200287,7002,63.77177572250366
Transformer,10,0.013388872543970743,6960,112.6195273399353
ViterbiNet,10,0.011722202698389689,7002,64.03952860832214
Transformer,11,0.00566665788491567,6960,112.24424934387207
ViterbiNet,11,0.00758332093556722,7002,63.631335735321045
Transformer,12,0.002666656176249186,6960,127.29464030265808
ViterbiNet,12,0.0029444322983423867,7002,83.16880011558533
Transformer,13,0.0008194416761398316,6960,128.2742476463318
ViterbiNet,13,0.0008888838688532511,7002,82.73121976852417
Transformer,14,0.00039814730485280355,6960,168.85476207733154
ViterbiNet,14,0.00027777632077534995,7002,98.7028136253357
Transformer,15,0.00016666611035664875,6960,165.97460627555847
ViterbiNet,15,0.00011111060778299968,7002,101.40512752532959
Transformer,16,1.8518368403116862e-05,6960,168.07163429260254
ViterbiNet,16,3.7036736806233724e-05,7002,101.29615044593811
Transformer,17,0.0,6960,164.39417672157288
ViterbiNet,17,0.0,7002,98.48862481117249
Transformer,0,0.186916623711586,6960,112.52296209335327
ViterbiNet,0,0.180083291331927,7002,63.81869173049927
Transformer,1,0.16177773753801983,6960,112.12578821182251
ViterbiNet,1,0.15766662577788035,7002,63.74037408828735
Transformer,2,0.1415277377764384,6960,112.28101873397827
ViterbiNet,2,0.13458329300085703,7002,63.756202697753906
Transformer,3,0.12041662534077963,6960,111.91211485862732
ViterbiNet,3,0.11036106824874878,7002,64.10207605361938
Transformer,4,0.09822218060493469,6960,111.97695803642273
ViterbiNet,4,0.08705550988515218,7002,64.66542363166809
Transformer,5,0.07919440110524495,6960,112.58450651168823
ViterbiNet,5,0.06691662430763244,7002,63.694788694381714
Transformer,6,0.06241662402947744,6960,112.09993815422058
ViterbiNet,6,0.049222179849942524,7002,64.07072567939758
Transformer,8,0.03538885315259298,6960,112.32061076164246
ViterbiNet,8,0.024027745922406515,7002,63.80295777320862
Transformer,9,0.023666640520095827,6960,112.6662712097168
ViterbiNet,9,0.01813886264959971,7002,63.6467170715332
Transformer,10,0.013111093640327453,6960,112.2388985157013
ViterbiNet,10,0.009555539290110271,7002,63.67815065383911
Transformer,11,0.00713887870311737,6960,112.27266550064087
ViterbiNet,11,0.006638877193133036,7002,63.8967866897583
Transformer,12,0.0023055466016133628,6960,127.79739546775818
ViterbiNet,12,0.001972212791442871,7002,82.2928204536438
Transformer,13,0.0005694417158762614,6960,128.1332151889801
ViterbiNet,13,0.0012083270152409872,7002,81.97812819480896
Transformer,14,0.00048148016134897867,6960,168.48717999458313
ViterbiNet,14,0.0006203679243723552,7002,98.92922759056091
Transformer,15,2.7777751286824546e-05,6960,164.77082133293152
ViterbiNet,15,8.333285649617513e-05,7002,98.8177318572998
Transformer,16,3.7036935488382975e-05,6960,164.30618500709534
ViterbiNet,16,9.259223937988282e-05,7002,99.10002732276917
Transformer,17,0.0,6960,164.44814038276672
ViterbiNet,17,1.8518368403116862e-05,7002,98.53432512283325
Transformer,0,0.18861106793085733,6960,112.3107500076294
ViterbiNet,0,0.18049995879332226,7002,63.867764711380005
Transformer,1,0.167888845205307,6960,111.98574876785278
ViterbiNet,1,0.15741662542025248,7002,64.3205258846283
Transformer,2,0.14111107031504314,6960,112.8492751121521
ViterbiNet,2,0.13369440297285715,7002,63.91447973251343
Transformer,3,0.11813884973526001,6960,112.70975637435913
ViterbiNet,3,0.10855551322301228,7002,64.09190702438354
Transformer,4,0.09924995561440786,6960,112.6164083480835
ViterbiNet,4,0.08763884544372559,7002,64.28953814506531
Transformer,5,0.07877773324648539,6960,113.08839869499207
ViterbiNet,5,0.06677773396174112,7002,64.57271099090576
Transformer,6,0.06444440086682637,6960,112.60126996040344
ViterbiNet,6,0.048472180167833966,7002,64.24260902404785
Transformer,8,0.03386107703049978,6960,112.50756645202637
ViterbiNet,8,0.024222190380096435,7002,64.11765217781067
Transformer,9,0.02349997142950694,6960,112.49916458129883
ViterbiNet,9,0.013527758121490478,7002,64.11666131019592
Transformer,10,0.012111096382141114,6960,113.25639796257019
ViterbiNet,10,0.010999979178110759,7002,63.897799491882324
Transformer,11,0.007166657249132792,6960,112.40887069702148
ViterbiNet,11,0.0066666535536448164,7002,63.867719411849976
Transformer,12,0.0020833253860473634,6960,128.4286732673645
ViterbiNet,12,0.001986100673675537,7002,82.87183046340942
Transformer,13,0.0008611079057057699,6960,128.09688067436218
ViterbiNet,13,0.000805551012357076,7002,82.49592304229736
Transformer,14,0.000435183842976888,6960,168.42421340942383
ViterbiNet,14,0.00040740569432576497,7002,98.97381520271301
Transformer,15,5.555550257364909e-05,6960,165.1991138458252
ViterbiNet,15,0.00016666571299235025,7002,98.72553086280823
Transformer,16,0.00023148099581400553,6960,164.4773018360138
ViterbiNet,16,1.8518368403116862e-05,7002,98.44271421432495
Transformer,17,8.333325386047363e-05,6960,165.11760139465332
ViterbiNet,17,3.7036935488382975e-05,7002,98.44277882575989
Transformer,0,0.18574995756149293,6960,112.49037480354309
ViterbiNet,0,0.18013884782791137,7002,63.96150326728821
Transformer,1,0.16502773582935334,6960,112.57710552215576
ViterbiNet,1,0.15799995740254721,7002,63.80203032493591
Transformer,2,0.1416110700368881,6960,112.8986668586731
ViterbiNet,2,0.13074995974699657,7002,63.96057891845703
Transformer,3,0.11702773590882619,6960,112.24612545967102
ViterbiNet,3,0.10924995799859365,7002,63.977136850357056
Transformer,4,0.10255551477273306,6960,112.68340802192688
ViterbiNet,4,0.08905551135540009,7002,64.14889860153198
Transformer,5,0.0781666221221288,6960,112.90322494506836
ViterbiNet,5,0.06747217814127604,7002,64.22924399375916
Transformer,6,0.06602773348490397,6960,112.68011164665222
ViterbiNet,6,0.0486944047609965,7002,64.36980295181274
Transformer,8,0.03238885502020518,6960,112.34158945083618
ViterbiNet,8,0.026138857801755268,7002,63.91344714164734
Transformer,9,0.02155552844206492,6960,112.33741021156311
ViterbiNet,9,0.01619442085425059,7002,63.945744037628174
Transformer,10,0.0131110946337382,6960,112.74526333808899
ViterbiNet,10,0.00844443122545878,7002,64.11760091781616
Transformer,11,0.006055546005566915,6960,112.93616914749146
ViterbiNet,11,0.0060277670621871945,7002,63.92919135093689
Transformer,12,0.0021527689695358277,6960,128.87807726860046
ViterbiNet,12,0.0022638779878616333,7002,82.57175755500793
Transformer,13,0.0006249976158142089,6960,129.08640027046204
ViterbiNet,13,0.0006388852993647258,7002,82.62094640731812
Transformer,14,0.00038888752460479735,6960,166.59349370002747
ViterbiNet,14,0.00033333122730255126,7002,98.9292254447937
Transformer,15,0.00010185142358144124,6960,164.71578240394592
ViterbiNet,15,0.00014814714590708413,7002,98.75510358810425
Transformer,16,0.0,6960,164.3584167957306
ViterbiNet,16,4.629611968994141e-05,7002,99.03854775428772
Transformer,17,0.0,6960,164.54887652397156
ViterbiNet,17,3.7036736806233724e-05,7002,98.86450099945068
Transformer,0,0.1904444028933843,6960,112.79149293899536
ViterbiNet,0,0.1809444030125936,7002,63.80298924446106
Transformer,1,0.16508329073588054,6960,112.5547444820404
ViterbiNet,1,0.15780551314353944,7002,63.81880044937134
Transformer,2,0.14038884659608206,6960,112.32729506492615
ViterbiNet,2,0.133499959508578,7002,63.773072481155396
Transformer,3,0.12144440412521362,6960,112.78680610656738
ViterbiNet,3,0.10924995640913646,7002,63.94575643539429
Transformer,4,0.10063884536425273,6960,112.51519393920898
ViterbiNet,4,0.08597217957178752,7002,63.8365740776062
Transformer,5,0.07713884393374125,6960,112.29394030570984
ViterbiNet,5,0.06508328994115194,7002,63.74182939529419
Transformer,6,0.06297217905521393,6960,112.87133526802063
ViterbiNet,6,0.04680551290512085,7002,64.27814531326294
Transformer,8,0.032722187042236325,6960,112.54015135765076
ViterbiNet,8,0.022972191174825032,7002,64.06968784332275
Transformer,9,0.021166641116142273,6960,113.12502956390381
ViterbiNet,9,0.013249977032343546,7002,64.06968832015991
Transformer,10,0.011833317677179973,6960,112.54333448410034
ViterbiNet,10,0.011166645685831705,7002,64.0081741809845
Transformer,11,0.0070277692874272666,6960,112.93514633178711
ViterbiNet,11,0.0060555428266525265,7002,66.04070830345154
Transformer,12,0.0024861005942026773,6960,131.3838860988617
ViterbiNet,12,0.0024583210547765096,7002,82.69896960258484
Transformer,13,0.0006805525223414103,6960,128.59832072257996
ViterbiNet,13,0.0011249935626983642,7002,82.58964800834656
Transformer,14,0.0005833317836125691,6960,182.12591648101807
ViterbiNet,14,0.0004907383521397909,7002,99.28018498420715
Transformer,15,0.00011111080646514893,6960,168.14653062820435
ViterbiNet,15,0.00013888816038767497,7002,98.7552764415741
Transformer,16,0.0,6960,166.93857383728027
ViterbiNet,16,1.8518368403116862e-05,7002,98.89698123931885
Transformer,17,0.0,6960,165.71768355369568
ViterbiNet,17,3.7036935488382975e-05,7002,98.71125340461731
Transformer,0,0.18977773567040762,6960,113.06013464927673
ViterbiNet,0,0.18119440337022147,7002,75.93265891075134
Transformer,1,0.16394440333048502,6960,156.91777110099792
ViterbiNet,1,0.1568610688050588,7002,73.65398335456848
Transformer,2,0.14280551354090373,6960,117.72254776954651
ViterbiNet,2,0.13366662561893464,7002,65.9188551902771
Transformer,3,0.12405551572640737,6960,118.95001816749573
ViterbiNet,3,0.10938884794712067,7002,66.64826440811157
Transformer,4,0.09847217917442322,6960,115.44389796257019
ViterbiNet,4,0.08511106769243876,7002,66.13326048851013
Transformer,5,0.0784999551375707,6960,116.27264332771301
ViterbiNet,5,0.06780550976594289,7002,64.87070655822754
Transformer,6,0.06647217810153962,6960,114.60987210273743
ViterbiNet,6,0.047944403886795044,7002,64.78271412849426
Transformer,8,0.034444408218065894,6960,118.59911727905273
ViterbiNet,8,0.023444414536158243,7002,70.83042049407959
Transformer,9,0.023888859947522482,6960,138.09107995033264
ViterbiNet,9,0.01505553384621938,7002,81.7417483329773
Transformer,10,0.014999982913335165,6960,133.5258481502533
ViterbiNet,10,0.010444427132606507,7002,73.58849239349365
Transformer,11,0.006166657010714213,6960,133.40391397476196
ViterbiNet,11,0.005805543065071106,7002,72.05194902420044
Transformer,12,0.0027777651945749917,6960,158.3338611125946
ViterbiNet,12,0.0015138812859853109,7002,96.67027187347412
Transformer,13,0.0008055528004964192,6960,133.95499730110168
ViterbiNet,13,0.001194438139597575,7002,85.74015307426453
Transformer,14,0.00040740648905436197,6960,180.82020688056946
ViterbiNet,14,0.0007037011782328288,7002,99.4382312297821
Transformer,15,2.7777751286824546e-05,6960,169.37609577178955
ViterbiNet,15,0.00012036979198455811,7002,98.8971016407013
Transformer,16,3.7036935488382975e-05,6960,166.45775294303894
ViterbiNet,16,5.555530389149984e-05,7002,99.02199745178223
Transformer,17,5.555550257364909e-05,6960,166.85758137702942
ViterbiNet,17,0.0,7002,101.59893560409546
Transformer,0,0.18577773610750833,6960,114.30275368690491
ViterbiNet,0,0.18030551354090374,7002,65.18196153640747
Transformer,1,0.16736106892426808,6960,120.29778838157654
ViterbiNet,1,0.15788884699344635,7002,73.16254353523254
Transformer,2,0.14299995919068653,6960,125.49948382377625
ViterbiNet,2,0.1327777353922526,7002,75.58825516700745
Transformer,3,0.11997218112150829,6960,152.11562061309814
ViterbiNet,3,0.11038884619871775,7002,84.1442129611969
Transformer,4,0.10436107019583384,6960,156.8380744457245
ViterbiNet,4,0.08711106717586517,7002,79.55277681350708
Transformer,5,0.07844440102577209,6960,148.83179926872253
ViterbiNet,5,0.0642499566078186,7002,86.44666624069214
Transformer,6,0.06558329125245412,6960,140.5881268978119
ViterbiNet,6,0.04905551334222158,7002,81.51300406455994
Transformer,8,0.030444411238034565,6960,127.04902982711792
ViterbiNet,8,0.022916638652483622,7002,64.8655424118042
Transformer,9,0.0229444162050883,6960,112.48070693016052
ViterbiNet,9,0.01502775251865387,7002,64.17169952392578
Transformer,10,0.012722204327583314,6960,112.86145615577698
ViterbiNet,10,0.012027757366498311,7002,64.02017450332642
Transformer,11,0.005999991893768311,6960,112.51663398742676
ViterbiNet,11,0.004555546840031941,7002,63.605090618133545
Transformer,12,0.002527767022450765,6960,128.52144241333008
ViterbiNet,12,0.0023749885956446328,7002,81.9886384010315
Transformer,13,0.001111107071240743,6960,128.00770926475525
ViterbiNet,13,0.0009583280483881632,7002,83.85642671585083
Transformer,14,0.00026851753393809,6960,211.96406888961792
ViterbiNet,14,0.000305554469426473,7002,98.26654005050659
Transformer,15,0.00020370304584503175,6960,169.68424129486084
ViterbiNet,15,9.259204069773356e-05,7002,98.26067471504211
Transformer,16,5.555550257364909e-05,6960,167.215966463089
ViterbiNet,16,0.0,7002,98.60676217079163
Transformer,17,0.0,6960,167.35148572921753
ViterbiNet,17,3.7036736806233724e-05,7002,98.47473454475403
Transformer,0,0.18744440138339996,6960,112.71772837638855
ViterbiNet,0,0.18041662434736888,7002,63.60398602485657
Transformer,1,0.1620277363061905,6960,112.1808557510376
ViterbiNet,1,0.15669440249601999,7002,63.85402750968933
Transformer,2,0.14111106832822165,6960,112.39743828773499
ViterbiNet,2,0.13358329196770985,7002,63.87280631065369
Transformer,3,0.11777773797512055,6960,112.61692357063293
ViterbiNet,3,0.11055551250775655,7002,63.538506507873535
Transformer,4,0.10316662470499674,6960,112.29900789260864
ViterbiNet,4,0.08713884592056274,7002,63.760401487350464
Transformer,5,0.07888884584108989,6960,112.23495078086853
ViterbiNet,5,0.06613884588082632,7002,63.78233885765076
Transformer,6,0.06116662303606669,6960,112.9094307422638
ViterbiNet,6,0.0486388490597407,7002,63.822954416275024
Transformer,8,0.033611075282096864,6960,112.68269944190979
ViterbiNet,8,0.024833300908406575,7002,64.538498878479
Transformer,9,0.024249971310297647,6960,112.52739214897156
ViterbiNet,9,0.01477775494257609,7002,63.65724730491638
Transformer,10,0.012722206910451254,6960,112.23031067848206
ViterbiNet,10,0.01002776066462199,7002,63.75721335411072
Transformer,11,0.006083325743675232,6960,112.30176091194153
ViterbiNet,11,0.006194432775179545,7002,63.721888065338135
Transformer,12,0.0026249903440475463,6960,128.22460222244263
ViterbiNet,12,0.002041655977567037,7002,82.16472434997559
Transformer,13,0.000999996066093445,6960,127.6170072555542
ViterbiNet,13,0.0015694365898768108,7002,82.33872365951538
Transformer,14,0.0004444436232248942,6960,180.2611997127533
ViterbiNet,14,0.0005277758836746216,7002,98.16787600517273
Transformer,15,4.629611968994141e-05,6960,168.5485851764679
ViterbiNet,15,9.259204069773356e-05,7002,98.29188704490662
Transformer,16,7.407387097676595e-05,6960,166.23886227607727
ViterbiNet,16,4.629611968994141e-05,7002,98.49716854095459
Transformer,17,0.00012962917486826578,6960,166.42591285705566
ViterbiNet,17,2.7777751286824546e-05,7002,97.91573762893677
Transformer,0,0.18352773567040762,6960,112.51209831237793
ViterbiNet,0,0.18177773614724477,7002,63.856269121170044
Transformer,1,0.1639166251818339,6960,111.85277199745178
ViterbiNet,1,0.15838884790738425,7002,64.06282949447632
Transformer,2,0.14086107015609742,6960,112.6546802520752
ViterbiNet,2,0.13280551532904308,7002,63.73677611351013
Transformer,3,0.1196110721429189,6960,112.3025074005127
ViterbiNet,3,0.11030551373958587,7002,63.88845133781433
Transformer,4,0.09799995760122936,6960,112.29259252548218
ViterbiNet,4,0.09008328974246979,7002,63.6040198802948
Transformer,5,0.08091662506262462,6960,112.00146627426147
ViterbiNet,5,0.06591662287712097,7002,63.786965131759644
Transformer,6,0.06261106808980306,6960,112.42901229858398
ViterbiNet,6,0.04822218040625254,7002,63.72256422042847
Transformer,8,0.033499963482220965,6960,113.12894129753113
ViterbiNet,8,0.021749969720840454,7002,63.836408376693726
Transformer,9,0.02366664191087087,6960,111.97923684120178
ViterbiNet,9,0.014805532495180766,7002,64.50623321533203
Transformer,10,0.012083317240079244,6960,112.41781091690063
ViterbiNet,10,0.01030553678671519,7002,63.753984689712524
Transformer,11,0.007166656653086344,6960,113.15208840370178
ViterbiNet,11,0.0041944356759389245,7002,63.919615030288696
Transformer,12,0.0023472124338150026,6960,127.92735648155212
ViterbiNet,12,0.0015833248694737752,7002,82.16984009742737
Transformer,13,0.0008472190300623576,6960,128.67176938056946
ViterbiNet,13,0.0010138843456904093,7002,81.80542278289795
Transformer,14,0.0004629617929458618,6960,182.15265011787415
ViterbiNet,14,0.00039814611275990807,7002,98.74330854415894
Transformer,15,0.00012037018934885661,6960,166.75874066352844
ViterbiNet,15,8.333305517832438e-05,7002,98.24786424636841
Transformer,16,0.00011111100514729818,6960,165.7924530506134
ViterbiNet,16,3.7036736806233724e-05,7002,98.32837104797363
Transformer,17,1.8518368403116862e-05,6960,165.70037245750427
ViterbiNet,17,4.629611968994141e-05,7002,97.56563806533813
Transformer,0,0.1870277355114619,6960,111.6633849143982
ViterbiNet,0,0.18041662434736888,7002,63.477564096450806
Transformer,1,0.16383329232533772,6960,111.81207156181335
ViterbiNet,1,0.15797217965126037,7002,63.65831780433655
Transformer,2,0.1398888478676478,6960,111.76621317863464
ViterbiNet,2,0.1339721804857254,7002,63.3217351436615
Transformer,3,0.12072218298912048,6960,111.5412244796753
ViterbiNet,3,0.10958329319953919,7002,63.65605568885803
Transformer,4,0.1025555149714152,6960,112.59156656265259
ViterbiNet,4,0.0890832891066869,7002,63.71971893310547
Transformer,5,0.07897217929363251,6960,112.30044436454773
ViterbiNet,5,0.06594440142313639,7002,63.78957509994507
Transformer,6,0.05988884488741557,6960,112.25203609466553
ViterbiNet,6,0.04874995946884155,7002,63.77386713027954
Transformer,8,0.03630551934242249,6960,112.43083882331848
ViterbiNet,8,0.02516663432121277,7002,63.821768283843994
Transformer,9,0.023861084381739298,6960,111.99316644668579
ViterbiNet,9,0.016916640400886536,7002,64.12401390075684
Transformer,10,0.011694428126017252,6960,112.177325963974
ViterbiNet,10,0.008499987125396728,7002,64.03829407691956
Transformer,11,0.0062777698040008545,6960,112.57818484306335
ViterbiNet,11,0.005555545886357626,7002,63.58963441848755
Transformer,12,0.0020138816038767497,6960,128.4870994091034
ViterbiNet,12,0.002583319346110026,7002,82.35315799713135
Transformer,13,0.0012777729829152424,6960,128.01439094543457
ViterbiNet,13,0.0008055514097213745,7002,82.40471363067627
Transformer,14,0.0002592585484186808,6960,170.5478081703186
ViterbiNet,14,0.0003888873259226481,7002,98.01693940162659
Transformer,15,0.00018518447875976563,6960,167.07653498649597
ViterbiNet,15,9.259204069773356e-05,7002,97.97400403022766
Transformer,16,0.0,6960,165.13522100448608
ViterbiNet,16,3.7036736806233724e-05,7002,98.12864232063293
Transformer,17,0.0,6960,165.8587772846222
ViterbiNet,17,0.0,7002,98.20230650901794
Transformer,0,0.18716662526130676,6960,112.69802737236023
ViterbiNet,0,0.1785277364651362,7002,63.88823676109314
Transformer,1,0.16411106963952382,6960,112.48217916488647
ViterbiNet,1,0.15805551290512085,7002,63.74858593940735
Transformer,2,0.14116662462552387,6960,112.18371915817261
ViterbiNet,2,0.13338884810606638,7002,63.70405626296997
Transformer,3,0.11977773706118265,6960,112.31649780273438
ViterbiNet,3,0.10980551222960154,7002,63.77180743217468
Transformer,4,0.09788884619871775,6960,112.64844131469727
ViterbiNet,4,0.08611106733481089,7002,63.69077157974243
Transformer,5,0.07861106713612874,6960,112.83189940452576
ViterbiNet,5,0.06591662228107452,7002,63.88741731643677
Transformer,6,0.06188884596029917,6960,112.34301996231079
ViterbiNet,6,0.04841662685076396,7002,63.75157284736633
Transformer,8,0.03586107472578685,6960,112.36169338226318
ViterbiNet,8,0.023638858993848166,7002,63.90498900413513
Transformer,9,0.021972196102142336,6960,112.56715416908264
ViterbiNet,9,0.015194421410560608,7002,63.7543466091156
Transformer,10,0.012861095666885376,6960,112.82942748069763
ViterbiNet,10,0.010944425662358603,7002,64.07077360153198
Transformer,11,0.0063888798157374065,6960,112.94500398635864
ViterbiNet,11,0.007194429834683736,7002,64.6708676815033
Transformer,12,0.001972214182217916,6960,128.33057522773743
ViterbiNet,12,0.0018055470784505208,7002,82.10316014289856
Transformer,13,0.0011805506547292073,6960,128.828462600708
ViterbiNet,13,0.0010277716318766277,7002,82.36993741989136
Transformer,14,0.00046296199162801106,6960,176.28913235664368
ViterbiNet,14,0.00035184999306996664,7002,98.53139519691467
Transformer,15,0.00011111080646514893,6960,168.14548015594482
ViterbiNet,15,0.00013888816038767497,7002,99.30025959014893
Transformer,16,0.00018518447875976563,6960,165.78979086875916
ViterbiNet,16,4.629611968994141e-05,7002,98.59595608711243
Transformer,17,5.555550257364909e-05,6960,166.16228461265564
ViterbiNet,17,3.7036935488382975e-05,7002,98.02339315414429
Transformer,0,0.1887499588727951,6960,111.39103198051453
ViterbiNet,0,0.1810277364651362,7002,63.66821527481079
Transformer,1,0.16433329145113626,6960,112.47703099250793
ViterbiNet,1,0.15727773686250052,7002,63.92775297164917
Transformer,2,0.14186107039451598,6960,111.9507908821106
ViterbiNet,2,0.1318610692024231,7002,63.65518593788147
Transformer,3,0.1202777377764384,6960,112.16524720191956
ViterbiNet,3,0.10819440166155497,7002,63.75613713264465
Transformer,4,0.09744440217812857,6960,111.52845811843872
ViterbiNet,4,0.08613884607950846,7002,63.52631640434265
Transformer,5,0.0768610676129659,6960,112.79622554779053
ViterbiNet,5,0.06736106713612874,7002,63.80717873573303
Transformer,6,0.06002773404121399,6960,111.74193859100342
ViterbiNet,6,0.05047218064467112,7002,63.7220253944397
Transformer,8,0.03327774326006572,6960,112.40887761116028
ViterbiNet,8,0.024694411953290304,7002,63.787452697753906
Transformer,9,0.02305552899837494,6960,111.90194964408875
ViterbiNet,9,0.01644442041714986,7002,63.723989725112915
Transformer,10,0.011999984780947368,6960,112.33358693122864
ViterbiNet,10,0.010444425344467163,7002,63.95619606971741
Transformer,11,0.007444435755411784,6960,111.98229265213013
ViterbiNet,11,0.004722212553024292,7002,63.88618516921997
Transformer,12,0.0026944323380788168,6960,127.91905307769775
ViterbiNet,12,0.0017916580041249593,7002,82.73974752426147
Transformer,13,0.00040277600288391113,6960,127.6005392074585
ViterbiNet,13,0.0012638827164967855,7002,81.92312598228455
Transformer,14,0.00019444366296132406,6960,177.38018345832825
ViterbiNet,14,0.0007407377163569132,7002,97.78266525268555
Transformer,15,8.333285649617513e-05,6960,167.51972770690918
ViterbiNet,15,0.0004259242614110311,7002,98.14160895347595
Transformer,16,0.0,6960,165.49906730651855
ViterbiNet,16,3.7036935488382975e-05,7002,97.47218036651611
Transformer,17,0.0,6960,165.75914072990417
ViterbiNet,17,0.0,7002,97.95119547843933
Transformer,0,0.18836106737454733,6960,111.25396609306335
ViterbiNet,0,0.18005551238854725,7002,64.09687352180481
Transformer,1,0.16222218135992686,6960,111.92836833000183
ViterbiNet,1,0.1560555136203766,7002,63.57075881958008
Transformer,2,0.14186106860637665,6960,111.52332782745361
ViterbiNet,2,0.13602773706118265,7002,63.58749580383301
Transformer,3,0.11838884850343069,6960,111.14563870429993
ViterbiNet,3,0.11133328974246978,7002,63.688395500183105
Transformer,4,0.10033329129219055,6960,112.29496502876282
ViterbiNet,4,0.08566662311553955,7002,63.706305265426636
Transformer,5,0.07666662335395813,6960,110.64765882492065
ViterbiNet,5,0.06563884635766347,7002,63.405038595199585
Transformer,6,0.0616944013039271,6960,111.91089916229248
ViterbiNet,6,0.0460832937558492,7002,63.788705348968506
Transformer,8,0.03630551675955455,6960,112.21501088142395
ViterbiNet,8,0.02580552339553833,7002,63.804133892059326
Transformer,9,0.022666642268498738,6960,112.31115317344666
ViterbiNet,9,0.013861090143521626,7002,63.687360525131226
Transformer,10,0.011749985218048096,6960,112.39146089553833
ViterbiNet,10,0.009666651487350464,7002,63.90299916267395
Transformer,11,0.0057222135861714684,6960,112.06745290756226
ViterbiNet,11,0.008111096819241841,7002,65.16509938240051
Transformer,12,0.002291658322016398,6960,128.62016367912292
ViterbiNet,12,0.001999989946683248,7002,82.90751957893372
Transformer,13,0.0005833311875661215,6960,128.71357345581055
ViterbiNet,13,0.0006944406032562256,7002,82.28660106658936
Transformer,14,0.00025925834973653157,6960,200.950119972229
ViterbiNet,14,0.00027777632077534995,7002,100.83433246612549
Transformer,15,0.00012037018934885661,6960,173.7974214553833
ViterbiNet,15,0.00013888816038767497,7002,97.49914240837097
Transformer,16,2.7777751286824546e-05,6960,167.39726376533508
ViterbiNet,16,3.7036736806233724e-05,7002,99.47223424911499
Transformer,17,4.629611968994141e-05,6960,167.22790336608887
ViterbiNet,17,1.8518368403116862e-05,7002,97.88558959960938
Transformer,0,0.18541662375132242,6960,112.13231039047241
ViterbiNet,0,0.1798332901795705,7002,63.670915603637695
Transformer,1,0.16586106916268667,6960,112.09914112091064
ViterbiNet,1,0.15847218096256255,7002,63.695038080215454
Transformer,2,0.14022218088308971,6960,111.63141465187073
ViterbiNet,2,0.13469440360864005,7002,63.67058324813843
Transformer,3,0.12352773825327555,6960,111.73061919212341
ViterbiNet,3,0.1092499585946401,7002,63.53739833831787
Transformer,4,0.10155551334222158,6960,112.16196918487549
ViterbiNet,4,0.08488884449005127,7002,63.72182893753052
Transformer,5,0.07722217897574107,6960,111.19215440750122
ViterbiNet,5,0.06722217977046967,7002,63.231680393218994
Transformer,6,0.06127773404121399,6960,111.74110841751099
ViterbiNet,6,0.04874995986620585,7002,63.3207061290741
Transformer,8,0.03402774155139923,6960,111.69834065437317
ViterbiNet,8,0.02438885748386383,7002,63.33549356460571
Transformer,9,0.02349997142950694,6960,111.86040163040161
ViterbiNet,9,0.014999974767367046,7002,63.457457304000854
Transformer,10,0.011749984820683797,6960,111.30299234390259
ViterbiNet,10,0.012222199638684591,7002,63.6361825466156
Transformer,11,0.004888880848884582,6960,111.8119158744812
ViterbiNet,11,0.005416657129923503,7002,63.6053147315979
Transformer,12,0.0017083261410395303,6960,128.8446705341339
ViterbiNet,12,0.002041655778884888,7002,81.9376814365387
Transformer,13,0.0009166622161865235,6960,127.66689157485962
ViterbiNet,13,0.0007916621367136638,7002,82.11814475059509
Transformer,14,0.0001944438616434733,6960,181.80546712875366
ViterbiNet,14,0.00024073958396911621,7002,98.20707893371582
Transformer,15,0.00016666650772094725,6960,169.29637837409973
ViterbiNet,15,0.00013888816038767497,7002,97.89498615264893
Transformer,16,0.00011111100514729818,6960,165.59770369529724
ViterbiNet,16,5.555510520935058e-05,7002,97.91397047042847
Transformer,17,1.8518368403116862e-05,6960,165.67289185523987
ViterbiNet,17,0.0,7002,97.5959825515747
Transformer,0,0.18738884647687276,6960,112.094810962677
ViterbiNet,0,0.18172218163808188,7002,63.489495277404785
Transformer,1,0.162722181280454,6960,111.65437507629395
ViterbiNet,1,0.15730551381905875,7002,64.00588870048523
Transformer,2,0.14377773662408194,6960,113.58378148078918
ViterbiNet,2,0.13399995942910511,7002,63.62164497375488
Transformer,3,0.11694440384705862,6960,111.3691885471344
ViterbiNet,3,0.10911106864611307,7002,63.87092447280884
Transformer,4,0.0981666241089503,6960,111.5784661769867
ViterbiNet,4,0.08727773467699687,7002,63.454217195510864
Transformer,5,0.08022217849890391,6960,111.31613945960999
ViterbiNet,5,0.06672217885653178,7002,63.83652210235596
Transformer,6,0.06394440094629923,6960,111.54595947265625
ViterbiNet,6,0.04744440495967865,7002,63.33751130104065
Transformer,8,0.03399996340274811,6960,111.85929942131042
ViterbiNet,8,0.022333302895228068,7002,63.63758039474487
Transformer,9,0.02416663924853007,6960,111.66551399230957
ViterbiNet,9,0.01522219717502594,7002,63.521907567977905
Transformer,10,0.014833315213521322,6960,111.91190314292908
ViterbiNet,10,0.010611091454823812,7002,63.67194962501526
Transformer,11,0.007416656215985616,6960,111.22632503509521
ViterbiNet,11,0.004472214579582214,7002,63.77301239967346
Transformer,12,0.002263879577318827,6960,127.75406122207642
ViterbiNet,12,0.0026944337288538614,7002,81.95421361923218
Transformer,13,0.0009027739365895589,6960,127.72755932807922
ViterbiNet,13,0.0010972166061401368,7002,81.96478128433228
Transformer,14,0.00034259180227915446,6960,168.57479214668274
ViterbiNet,14,0.0003981463114420573,7002,99.19808340072632
Transformer,15,0.00020370344320933025,6960,165.07311081886292
ViterbiNet,15,9.259223937988282e-05,7002,98.11375451087952
Transformer,16,8.333325386047363e-05,6960,165.2184693813324
ViterbiNet,16,7.40736722946167e-05,7002,98.04497861862183
Transformer,17,0.0,6960,165.07094407081604
ViterbiNet,17,0.0,7002,97.68883275985718
Transformer,0,0.18572218000888824,6960,111.89111661911011
ViterbiNet,0,0.18044440309206644,7002,63.57088327407837
Transformer,1,0.1625555137793223,6960,110.92744565010071
ViterbiNet,1,0.15905551373958587,7002,63.405192613601685
Transformer,2,0.14108329157034555,6960,111.68557262420654
ViterbiNet,2,0.13222218135992686,7002,63.50520634651184
Transformer,3,0.11824995934963227,6960,112.01916360855103
ViterbiNet,3,0.10888884663581848,7002,63.737685441970825
Transformer,4,0.099416623711586,6960,111.81865930557251
ViterbiNet,4,0.08758328974246979,7002,63.455098152160645
Transformer,5,0.08022217949231465,6960,111.89562559127808
ViterbiNet,5,0.06494440178076426,7002,63.47068667411804
Transformer,6,0.06633328974246978,6960,111.0335283279419
ViterbiNet,6,0.049166626930236816,7002,63.427287340164185
Transformer,8,0.03319441020488739,6960,112.41717600822449
ViterbiNet,8,0.023333304325739542,7002,63.496971130371094
Transformer,9,0.02191664159297943,6960,110.93656492233276
ViterbiNet,9,0.01405553420384725,7002,63.722044706344604
Transformer,10,0.01213887333869934,6960,111.5250358581543
ViterbiNet,10,0.010416648586591085,7002,63.43949842453003
Transformer,11,0.005805547634760539,6960,111.32294392585754
ViterbiNet,11,0.006972209016482035,7002,63.506492376327515
Transformer,12,0.0019999927282333373,6960,127.90378403663635
ViterbiNet,12,0.0026805424690246583,7002,81.7720558643341
Transformer,13,0.0012638837099075318,6960,127.31114387512207
ViterbiNet,13,0.002263878583908081,7002,82.02122020721436
Transformer,14,0.0004166652758916219,6960,171.9910762310028
ViterbiNet,14,0.0006018497546513875,7002,98.2302770614624
Transformer,15,5.555550257364909e-05,6960,166.76470303535461
ViterbiNet,15,0.00012962937355041505,7002,98.59192895889282
Transformer,16,6.481468677520752e-05,6960,166.0153350830078
ViterbiNet,16,4.629611968994141e-05,7002,97.80834603309631
Transformer,17,3.7036935488382975e-05,6960,166.1403341293335
ViterbiNet,17,2.7777751286824546e-05,7002,98.13633227348328
Transformer,0,0.1873610697189967,6960,111.96885681152344
ViterbiNet,0,0.18077773690223695,7002,63.88867163658142
Transformer,1,0.16249995748202006,6960,111.50348162651062
ViterbiNet,1,0.1556388489405314,7002,63.853280782699585
Transformer,2,0.1403888487815857,6960,112.18865942955017
ViterbiNet,2,0.13474995930989583,7002,63.88950324058533
Transformer,3,0.12061106959978739,6960,112.54268002510071
ViterbiNet,3,0.1087499584754308,7002,63.90386366844177
Transformer,4,0.10138884723186493,6960,112.42429900169373
ViterbiNet,4,0.08888884484767914,7002,64.28750276565552
Transformer,5,0.08458329021930694,6960,111.75120687484741
ViterbiNet,5,0.06580551246802012,7002,63.66035175323486
Transformer,6,0.06316662450631459,6960,112.39278984069824
ViterbiNet,6,0.04863884687423706,7002,63.827301263809204
Transformer,8,0.03680552025636037,6960,112.3229751586914
ViterbiNet,8,0.02149997154871623,7002,63.52285170555115
Transformer,9,0.024166637659072877,6960,112.21524810791016
ViterbiNet,9,0.015861085454622906,7002,63.83851075172424
Transformer,10,0.012361096143722534,6960,111.90224003791809
ViterbiNet,10,0.009888870318730673,7002,63.655349016189575
Transformer,11,0.008055544098218282,6960,111.92233848571777
ViterbiNet,11,0.006111100514729817,7002,64.2059862613678
Transformer,12,0.0016666601101557414,6960,128.39761567115784
ViterbiNet,12,0.0016527686516443888,7002,82.05435514450073
Transformer,13,0.0008888846635818482,6960,127.83251214027405
ViterbiNet,13,0.0008888840675354004,7002,82.20402383804321
Transformer,14,0.000305554469426473,6960,175.9751682281494
ViterbiNet,14,0.00044444262981414796,7002,98.5749979019165
Transformer,15,0.0002870364983876546,6960,168.56692385673523
ViterbiNet,15,0.00016666571299235025,7002,98.13035464286804
Transformer,16,1.8518368403116862e-05,6960,167.1973843574524
ViterbiNet,16,3.7036736806233724e-05,7002,98.06368660926819
Transformer,17,6.481468677520752e-05,6960,166.30764484405518
ViterbiNet,17,1.8518368403116862e-05,7002,97.78359317779541
Transformer,0,0.18511106908321381,6960,110.5213577747345
ViterbiNet,0,0.17974995851516723,7002,63.18661332130432
Transformer,1,0.16333329280217487,6960,111.10822486877441
ViterbiNet,1,0.15699995974699657,7002,63.42192482948303
Transformer,2,0.14213884770870208,6960,111.96558570861816
ViterbiNet,2,0.13177773495515188,7002,63.57074570655823
Transformer,3,0.12141662776470184,6960,111.19478368759155
ViterbiNet,3,0.11044440309206645,7002,63.22094106674194
Transformer,4,0.09877773582935333,6960,111.19295454025269
ViterbiNet,4,0.08736106713612875,7002,63.38755488395691
Transformer,5,0.07569440106550852,6960,111.63065767288208
ViterbiNet,5,0.066416623989741,7002,63.61223888397217
Transformer,6,0.062138845324516294,6960,112.4330461025238
ViterbiNet,6,0.04649996022383372,7002,63.464407205581665
Transformer,8,0.03522218545277914,6960,111.33739614486694
ViterbiNet,8,0.024638858238855997,7002,63.537288665771484
Transformer,9,0.0208055313428243,6960,111.31065654754639
ViterbiNet,9,0.015722198685010274,7002,63.57392454147339
Transformer,10,0.011777761975924174,6960,112.57877659797668
ViterbiNet,10,0.009722206393877665,7002,63.98959827423096
Transformer,11,0.007749990820884705,6960,112.16175723075867
ViterbiNet,11,0.005277766784032186,7002,63.88848614692688
Transformer,12,0.00297221044699351,6960,128.60247540473938
ViterbiNet,12,0.0032360947132110598,7002,82.35214972496033
Transformer,13,0.0006805525223414103,6960,128.24185132980347
ViterbiNet,13,0.0011666605869928995,7002,82.0563907623291
Transformer,14,0.000305554469426473,6960,167.67430114746094
ViterbiNet,14,0.000509256919225057,7002,98.19810128211975
Transformer,15,0.00023148099581400553,6960,165.3905417919159
ViterbiNet,15,0.00011111021041870117,7002,98.28231644630432
Transformer,16,0.00016666650772094725,6960,165.6591763496399
ViterbiNet,16,3.7036935488382975e-05,7002,97.7961220741272
Transformer,17,0.0,6960,166.63665294647217
ViterbiNet,17,1.8518368403116862e-05,7002,98.24488139152527
Transformer,0,0.1858332928021749,6960,111.51901650428772
ViterbiNet,0,0.18074995855490367,7002,63.63733124732971
Transformer,1,0.16277773618698121,6960,111.73913216590881
ViterbiNet,1,0.15674995958805085,7002,63.70535755157471
Transformer,2,0.14352773527304333,6960,110.88260102272034
ViterbiNet,2,0.13222218215465545,7002,64.02491164207458
Transformer,3,0.1178332930803299,6960,113.57261633872986
ViterbiNet,3,0.11149995823701223,7002,63.706204891204834
Transformer,4,0.10333329101403554,6960,111.07460641860962
ViterbiNet,4,0.08597217957178752,7002,63.787333726882935
Transformer,5,0.07988884468873342,6960,111.28216814994812
ViterbiNet,5,0.06716662327448528,7002,63.570759534835815
Transformer,6,0.06141662319501241,6960,112.10332584381104
ViterbiNet,6,0.04899995803833008,7002,64.16961550712585
Transformer,8,0.033916630546251936,6960,110.9577910900116
ViterbiNet,8,0.02324996848901113,7002,63.55504870414734
Transformer,9,0.023194417556126914,6960,111.74584221839905
ViterbiNet,9,0.015055530667304994,7002,63.6051070690155
Transformer,10,0.015416645805040995,6960,111.24577951431274
ViterbiNet,10,0.008444428841272989,7002,63.5717453956604
Transformer,11,0.007055546045303345,6960,111.57241439819336
ViterbiNet,11,0.005638877550760905,7002,63.58756113052368
Transformer,12,0.0019027705987294515,6960,127.4544563293457
ViterbiNet,12,0.003041653037071228,7002,82.16452431678772
Transformer,13,0.0009999966621398926,6960,128.07711911201477
ViterbiNet,13,0.0014027692874272663,7002,81.78880476951599
Transformer,14,0.0002499993642171224,6960,179.8314290046692
ViterbiNet,14,0.0003518495957056681,7002,98.44289875030518
Transformer,15,6.481468677520752e-05,6960,168.47739171981812
ViterbiNet,15,0.00012962917486826578,7002,98.06391620635986
Transformer,16,0.0001388887564341227,6960,166.2715916633606
ViterbiNet,16,4.629611968994141e-05,7002,98.22620034217834
Transformer,17,3.7036935488382975e-05,6960,165.59609413146973
ViterbiNet,17,1.8518368403116862e-05,7002,98.7118890285492
Transformer,0,0.1892499577999115,6960,112.02497148513794
ViterbiNet,0,0.18088884790738424,7002,63.82510256767273
Transformer,1,0.16136106928189595,6960,111.41412472724915
ViterbiNet,1,0.15724995970726013,7002,63.55415868759155
Transformer,2,0.14013884822527567,6960,111.413334608078
ViterbiNet,2,0.1326666263739268,7002,63.786325454711914
Transformer,3,0.11949996034304301,6960,111.86217904090881
ViterbiNet,3,0.10922218104203542,7002,63.488359689712524
Transformer,4,0.10230551322301229,6960,111.68518114089966
ViterbiNet,4,0.08661106705665589,7002,63.98943376541138
Transformer,5,0.0793055127064387,6960,111.26605439186096
ViterbiNet,5,0.06605551342169444,7002,63.51981067657471
Transformer,6,0.0627221800883611,6960,111.12822246551514
ViterbiNet,6,0.0521388453245163,7002,63.62103343009949
Transformer,8,0.03505552033583323,6960,111.71182632446289
ViterbiNet,8,0.022861081759134927,7002,63.88738393783569
Transformer,9,0.027194411357243854,6960,112.36372876167297
ViterbiNet,9,0.018055529395739237,7002,63.72080397605896
Transformer,10,0.016583313743273417,6960,112.44733095169067
ViterbiNet,10,0.007472210129102071,7002,63.73961138725281
Transformer,11,0.006138880848884583,6960,112.26002550125122
ViterbiNet,11,0.006499988635381063,7002,63.88865566253662
Transformer,12,0.002097212870915731,6960,128.70381879806519
ViterbiNet,12,0.0018749898672103882,7002,82.05328750610352
Transformer,13,0.0008333303531010946,6960,127.99533200263977
ViterbiNet,13,0.0009999944766362508,7002,82.06463766098022
Transformer,14,0.0002777767181396484,6960,166.1178858280182
ViterbiNet,14,0.0002222210168838501,7002,98.77617573738098
Transformer,15,0.0001574071248372396,6960,161.94289112091064
ViterbiNet,15,0.00012962917486826578,7002,97.9647753238678
Transformer,16,0.00011111080646514893,6960,161.988365650177
ViterbiNet,16,3.7036736806233724e-05,7002,97.96484541893005
Transformer,17,0.0,6960,162.57747840881348
ViterbiNet,17,0.0,7002,98.1928608417511
Transformer,0,0.18744440038998922,6960,111.9676764011383
ViterbiNet,0,0.1814999584356944,7002,63.88545799255371
Transformer,1,0.16519440352916717,6960,111.50594019889832
ViterbiNet,1,0.1573332949479421,7002,63.7727746963501
Transformer,2,0.1422777344783147,6960,111.71107983589172
ViterbiNet,2,0.13199995776017506,7002,63.47271728515625
Transformer,3,0.1187499604622523,6960,111.58252382278442
ViterbiNet,3,0.11119440197944641,7002,63.48747754096985
Transformer,4,0.09949995795885722,6960,111.98254990577698
ViterbiNet,4,0.08644440313180288,7002,63.60404944419861
Transformer,5,0.07649995625019074,6960,111.9816346168518
ViterbiNet,5,0.06411106566588085,7002,63.52263164520264
Transformer,6,0.06274995585282643,6960,111.69807171821594
ViterbiNet,6,0.045861071348190306,7002,63.72395420074463
Transformer,8,0.0382499627272288,6960,111.91929364204407
ViterbiNet,8,0.02288885772228241,7002,63.471829414367676
Transformer,9,0.0225555286804835,6960,111.67684292793274
ViterbiNet,9,0.014944421251614888,7002,63.904133319854736
Transformer,10,0.011749982833862305,6960,111.64882063865662
ViterbiNet,10,0.010611093242963155,7002,63.65509366989136
Transformer,11,0.005638880133628846,6960,111.61028409004211
ViterbiNet,11,0.0056944340467453,7002,63.63950514793396
Transformer,12,0.0020138816038767497,6960,128.83369827270508
ViterbiNet,12,0.002291655341784159,7002,81.97089004516602
Transformer,13,0.00080555260181427,6960,128.34360432624817
ViterbiNet,13,0.0009861059983571371,7002,82.30641913414001
Transformer,14,0.00022222161293029786,6960,164.86077427864075
ViterbiNet,14,0.0003888873259226481,7002,98.03158593177795
Transformer,15,0.00010185142358144124,6960,163.79253554344177
ViterbiNet,15,0.0002777765194574992,7002,98.0618999004364
Transformer,16,4.629611968994141e-05,6960,164.7887680530548
ViterbiNet,16,5.555510520935058e-05,7002,98.51668500900269
Transformer,17,0.0,6960,162.967431306839
ViterbiNet,17,0.0,7002,97.94733119010925
Transformer,0,0.18524995783964793,6960,111.47317719459534
ViterbiNet,0,0.18188884735107422,7002,63.689674615859985
Transformer,1,0.16416662414868674,6960,111.16349601745605
ViterbiNet,1,0.15547218084335326,7002,64.6707170009613
Transformer,2,0.1445832908153534,6960,112.53724575042725
ViterbiNet,2,0.1344166264931361,7002,63.52068376541138
Transformer,3,0.11961107035477957,6960,111.72962212562561
ViterbiNet,3,0.10927773515383403,7002,63.838401079177856
Transformer,4,0.09944440305233002,6960,112.11111950874329
ViterbiNet,4,0.08661106626192729,7002,63.721810817718506
Transformer,5,0.07863884449005126,6960,111.21876311302185
ViterbiNet,5,0.06705551127592722,7002,63.555213928222656
Transformer,6,0.05986106812953949,6960,111.02314448356628
ViterbiNet,6,0.05055551330248515,7002,63.837440967559814
Transformer,8,0.03388885339101155,6960,112.2280113697052
ViterbiNet,8,0.021611082951227822,7002,63.8374228477478
Transformer,9,0.020222198565800986,6960,111.01172971725464
ViterbiNet,9,0.017472195029258727,7002,63.97166323661804
Transformer,10,0.012527760863304139,6960,111.80541849136353
ViterbiNet,10,0.007694430947303772,7002,64.23751330375671
Transformer,11,0.0062499920527140295,6960,113.2089672088623
ViterbiNet,11,0.005666657487551371,7002,63.78666377067566
Transformer,12,0.0030555438995361326,6960,128.1342523097992
ViterbiNet,12,0.0017361019055048624,7002,82.27101302146912
Transformer,13,0.0006111083428064982,6960,128.1396403312683
ViterbiNet,13,0.0005972192684809367,7002,81.91996169090271
Transformer,14,0.00028703590234120685,6960,165.48958468437195
ViterbiNet,14,0.0004537018140157064,7002,97.71377515792847
Transformer,15,9.259243806203207e-05,6960,163.25531315803528
ViterbiNet,15,0.00013888816038767497,7002,97.78878331184387
Transformer,16,6.481448809305827e-05,6960,163.54146361351013
ViterbiNet,16,5.555550257364909e-05,7002,97.89397025108337
Transformer,17,4.629611968994141e-05,6960,163.63601636886597
ViterbiNet,17,3.7036736806233724e-05,7002,97.94713687896729
Transformer,0,0.1886388470729192,6960,112.87322664260864
ViterbiNet,0,0.18188884754975637,7002,64.03735876083374
Transformer,1,0.16477773706118265,6960,112.3127281665802
ViterbiNet,1,0.15616662581761678,7002,63.355157136917114
Transformer,2,0.1429999585946401,6960,112.04175138473511
ViterbiNet,2,0.132833291888237,7002,63.58743453025818
Transformer,3,0.11833329260349273,6960,112.20798254013062
ViterbiNet,3,0.11083329041798909,7002,63.78748965263367
Transformer,4,0.10033329129219055,6960,111.37451934814453
ViterbiNet,4,0.08533328950405121,7002,63.72174406051636
Transformer,5,0.07908329168955484,6960,111.02062034606934
ViterbiNet,5,0.0678332899014155,7002,63.35436773300171
Transformer,6,0.06155551215012868,6960,111.52635383605957
ViterbiNet,6,0.04980551342169444,7002,63.30281734466553
Transformer,8,0.03661107420921326,6960,111.56089735031128
ViterbiNet,8,0.02597218910853068,7002,64.03827548027039
Transformer,9,0.022527751525243122,6960,111.83898162841797
ViterbiNet,9,0.01552775243918101,7002,63.60417151451111
Transformer,10,0.01252776046593984,6960,111.1607449054718
ViterbiNet,10,0.01091664731502533,7002,63.80512261390686
Transformer,11,0.0068888795375823975,6960,111.13292527198792
ViterbiNet,11,0.006527766386667888,7002,63.90196347236633
Transformer,12,0.0020555480321248374,6960,128.5847465991974
ViterbiNet,12,0.002222211956977844,7002,82.35128283500671
Transformer,13,0.0010277734200159708,6960,127.36367416381836
ViterbiNet,13,0.0010555493831634522,7002,81.23660326004028
Transformer,14,0.0004074066877365112,6960,171.1391327381134
ViterbiNet,14,0.00040740549564361573,7002,98.13373327255249
Transformer,15,2.7777751286824546e-05,6960,164.91041803359985
ViterbiNet,15,5.555510520935058e-05,7002,97.81584906578064
Transformer,16,6.481448809305827e-05,6960,162.97422075271606
ViterbiNet,16,1.8518368403116862e-05,7002,97.78234720230103
Transformer,17,4.629611968994141e-05,6960,163.87212562561035
ViterbiNet,17,0.0,7002,97.6979022026062
Transformer,0,0.18524995744228362,6960,110.7252106666565
ViterbiNet,0,0.1796388477087021,7002,63.67182493209839
Transformer,1,0.1590277369817098,6960,111.27637982368469
ViterbiNet,1,0.15747218151887257,7002,63.737595081329346
Transformer,2,0.14041662534077962,6960,111.36462092399597
ViterbiNet,2,0.13194440404574076,7002,63.33750796318054
Transformer,3,0.11983329176902771,6960,111.41006112098694
ViterbiNet,3,0.11124995648860932,7002,63.6552095413208
Transformer,4,0.10149995744228363,6960,112.05536389350891
ViterbiNet,4,0.09005551139513651,7002,63.521626234054565
Transformer,5,0.08016662418842316,6960,112.07809495925903
ViterbiNet,5,0.06724995732307434,7002,63.42191696166992
Transformer,6,0.06497217853864035,6960,111.13001608848572
ViterbiNet,6,0.05124995748202006,7002,63.32076358795166
Transformer,8,0.03491663197676341,6960,111.0211443901062
ViterbiNet,8,0.025277745922406513,7002,63.2227418422699
Transformer,9,0.022166641155878703,6960,111.74765467643738
ViterbiNet,9,0.01633330583572388,7002,63.7562575340271
Transformer,10,0.013305538296699525,6960,112.36951041221619
ViterbiNet,10,0.009416648944218953,7002,63.63846731185913
Transformer,11,0.006444435914357503,6960,111.32859992980957
ViterbiNet,11,0.004249991774559021,7002,63.67193412780762
Transformer,12,0.0016388821601867676,6960,127.68396210670471
ViterbiNet,12,0.002333322564760844,7002,82.01899814605713
Transformer,13,0.0010555519660313923,6960,128.6287820339203
ViterbiNet,13,0.00098610520362854,7002,82.20434355735779
Transformer,14,0.0005555542310078939,6960,165.0150203704834
ViterbiNet,14,0.00029629488786061603,7002,98.19909191131592
Transformer,15,0.00012962937355041505,6960,163.96825575828552
ViterbiNet,15,9.259204069773356e-05,7002,97.7888696193695
Transformer,16,3.7036736806233724e-05,6960,163.26050901412964
ViterbiNet,16,1.8518368403116862e-05,7002,98.0480740070343
Transformer,17,1.8518368403116862e-05,6960,163.26283836364746
ViterbiNet,17,3.7036935488382975e-05,7002,98.17093062400818
Transformer,0,0.18769440213839214,6960,111.80274701118469
ViterbiNet,0,0.17897218147913616,7002,63.605154037475586
Transformer,1,0.16249995827674865,6960,111.94432353973389
ViterbiNet,1,0.15597218175729116,7002,63.77187180519104
Transformer,2,0.14433329204718273,6960,112.25654006004333
ViterbiNet,2,0.1316944032907486,7002,64.05290913581848
Transformer,3,0.1230555150906245,6960,112.28402638435364
ViterbiNet,3,0.10855551342169444,7002,63.588531255722046
Transformer,4,0.09972217957178751,6960,111.62448239326477
ViterbiNet,4,0.08658328930536906,7002,63.75305247306824
Transformer,5,0.08055551012357076,6960,112.31678414344788
ViterbiNet,5,0.06566662490367889,7002,64.38852500915527
Transformer,6,0.06180551211039225,6960,112.15335035324097
ViterbiNet,6,0.04788884778817495,7002,64.03853344917297
Transformer,8,0.03561107496420542,6960,111.79292798042297
ViterbiNet,8,0.022972192565600076,7002,63.40519690513611
Transformer,9,0.022583306233088175,6960,111.9710750579834
ViterbiNet,9,0.018138861656188963,7002,63.6216824054718
Transformer,10,0.013416647911071777,6960,111.31002402305603
ViterbiNet,10,0.011444426973660786,7002,63.437382221221924
Transformer,11,0.0071666562557220455,6960,111.99172592163086
ViterbiNet,11,0.007999985019365946,7002,63.60304546356201
Transformer,12,0.0016666609048843384,6960,127.80382513999939
ViterbiNet,12,0.0021110995610555015,7002,81.84598278999329
Transformer,13,0.000999995470046997,6960,127.35897994041443
ViterbiNet,13,0.0009722175200780232,7002,82.23875212669373
Transformer,14,0.00012962897618611655,6960,167.2474422454834
ViterbiNet,14,0.0006666638453801474,7002,98.3157696723938
Transformer,15,7.407387097676595e-05,6960,163.58646035194397
ViterbiNet,15,0.00019444326559702556,7002,97.67322587966919
Transformer,16,7.407387097676595e-05,6960,164.15489721298218
ViterbiNet,16,0.00011111040910085042,7002,98.08856177330017
Transformer,17,0.0,6960,163.44605112075806
ViterbiNet,17,8.333285649617513e-05,7002,98.48138928413391
Transformer,0,0.18738884647687276,6960,112.449467420578
ViterbiNet,0,0.18216662645339965,7002,63.95514416694641
Transformer,1,0.16616662561893464,6960,111.76449871063232
ViterbiNet,1,0.15683329264322918,7002,64.03651356697083
Transformer,2,0.14497218012809754,6960,111.95053625106812
ViterbiNet,2,0.13430551290512086,7002,63.85542273521423
Transformer,3,0.11866662700970967,6960,111.53479647636414
ViterbiNet,3,0.10883329153060912,7002,64.006263256073
Transformer,4,0.0973888466755549,6960,111.59103226661682
ViterbiNet,4,0.08677773435910542,7002,63.90523290634155
Transformer,5,0.08083328902721405,6960,111.44122242927551
ViterbiNet,5,0.06527773400147756,7002,63.83723592758179
Transformer,6,0.06561106820901234,6960,111.73437762260437
ViterbiNet,6,0.047166627844174705,7002,64.31959509849548
Transformer,8,0.03374996264775594,6960,111.75020718574524
ViterbiNet,8,0.02258330206076304,7002,64.08727431297302
Transformer,9,0.02319441576798757,6960,112.23169016838074
ViterbiNet,9,0.015194422801335653,7002,63.622955083847046
Transformer,10,0.012111096183458963,6960,111.61864423751831
ViterbiNet,10,0.009527762333552042,7002,63.522822856903076
Transformer,11,0.005999989906946818,6960,111.91880464553833
ViterbiNet,11,0.007694430152575175,7002,63.57071352005005
Transformer,12,0.0023055456082026163,6960,128.09780049324036
ViterbiNet,12,0.0026666555802027383,7002,81.9055552482605
Transformer,13,0.0008333305517832438,6960,127.16396689414978
ViterbiNet,13,0.0009305502971013387,7002,81.77009153366089
Transformer,14,0.00035185078779856365,6960,164.73283290863037
ViterbiNet,14,0.00023148020108540852,7002,98.13244986534119
Transformer,15,0.00011111100514729818,6960,163.25395941734314
ViterbiNet,15,0.00011111060778299968,7002,97.94896626472473
Transformer,16,2.7777751286824546e-05,6960,163.3910756111145
ViterbiNet,16,3.7036736806233724e-05,7002,97.55873012542725
Transformer,17,0.0,6960,164.0463161468506
ViterbiNet,17,1.8518368403116862e-05,7002,98.03680229187012
Transformer,0,0.1863332909345627,6960,111.93448901176453
ViterbiNet,0,0.1810555140177409,7002,63.83846378326416
Transformer,1,0.16705551226933799,6960,111.21944880485535
ViterbiNet,1,0.15852773547172547,7002,63.47079586982727
Transformer,2,0.14372218171755471,6960,111.36342453956604
ViterbiNet,2,0.13355551540851593,7002,63.538482666015625
Transformer,3,0.12308329463005066,6960,111.72284889221191
ViterbiNet,3,0.10772217869758606,7002,63.50393486022949
Transformer,4,0.09722217917442322,6960,112.76899456977844
ViterbiNet,4,0.08641662339369456,7002,64.31986713409424
Transformer,5,0.07772217810153961,6960,112.20653319358826
ViterbiNet,5,0.06727773368358612,7002,63.62188124656677
Transformer,6,0.06391662319501241,6960,111.57724142074585
ViterbiNet,6,0.05027773638566335,7002,63.80525994300842
Transformer,8,0.032305521368980405,6960,111.37881398200989
ViterbiNet,8,0.023611080447832743,7002,63.504215478897095
Transformer,9,0.026555525461832683,6960,112.1752986907959
ViterbiNet,9,0.01499997595945994,7002,63.98869848251343
Transformer,10,0.011583316723505656,6960,111.40867733955383
ViterbiNet,10,0.010472203890482585,7002,63.62187695503235
Transformer,11,0.007444433172543843,6960,111.21429872512817
ViterbiNet,11,0.005694433450698853,7002,63.555296659469604
Transformer,12,0.002263879577318827,6960,127.49937081336975
ViterbiNet,12,0.0016805466016133626,7002,81.88968062400818
Transformer,13,0.0008611083030700684,6960,127.9204478263855
ViterbiNet,13,0.001666658123334249,7002,81.97208762168884
Transformer,14,0.0003981471061706543,6960,166.84178638458252
ViterbiNet,14,0.0006018491586049397,7002,97.7648012638092
Transformer,15,0.00012962917486826578,6960,163.6502673625946
ViterbiNet,15,0.00018518447875976563,7002,98.11913228034973
Transformer,16,4.629611968994141e-05,6960,162.9723596572876
ViterbiNet,16,6.481448809305827e-05,7002,97.67613983154297
Transformer,17,5.555530389149984e-05,6960,163.3195629119873
ViterbiNet,17,0.0,7002,98.13979434967041
Transformer,0,0.18911106844743092,6960,112.33961176872253
ViterbiNet,0,0.18080551286538443,7002,63.521806955337524
Transformer,1,0.16522217988967897,6960,111.08679485321045
ViterbiNet,1,0.15686106979846953,7002,63.53758430480957
Transformer,2,0.14152773638566335,6960,112.13789558410645
ViterbiNet,2,0.13472218096256255,7002,63.65323734283447
Transformer,3,0.12311107178529103,6960,112.16223955154419
ViterbiNet,3,0.10869440197944641,7002,63.42179560661316
Transformer,4,0.09961106936136882,6960,111.25935673713684
ViterbiNet,4,0.08674995561440786,7002,63.58759069442749
Transformer,5,0.07741662363211314,6960,111.35901927947998
ViterbiNet,5,0.06566662391026815,7002,63.4552047252655
Transformer,6,0.05863884667555491,6960,111.58890914916992
ViterbiNet,6,0.052833290696144106,7002,63.85513401031494
Transformer,8,0.03311107436815897,6960,111.72631907463074
ViterbiNet,8,0.026555519700050354,7002,63.571924686431885
Transformer,9,0.022916638851165773,6960,110.95576810836792
ViterbiNet,9,0.012999979654947917,7002,63.85516548156738
Transformer,10,0.010861096580823263,6960,111.90318465232849
ViterbiNet,10,0.012777757048606873,7002,63.538395404815674
Transformer,11,0.007361101706822713,6960,112.62668228149414
ViterbiNet,11,0.004999991059303283,7002,63.77166533470154
Transformer,12,0.0024027693271636962,6960,128.29591178894043
ViterbiNet,12,0.002124988834063212,7002,82.48667478561401
Transformer,13,0.0005833305915196737,6960,128.166335105896
ViterbiNet,13,0.0009166612227757771,7002,82.08775544166565
Transformer,14,0.0003518509864807129,6960,166.03179287910461
ViterbiNet,14,0.00020370264848073325,7002,97.93283486366272
Transformer,15,9.259243806203207e-05,6960,163.56995940208435
ViterbiNet,15,0.00018518428007761637,7002,98.18357849121094
Transformer,16,0.00012962937355041505,6960,163.48502445220947
ViterbiNet,16,3.7036736806233724e-05,7002,98.68047642707825
Transformer,17,1.8518368403116862e-05,6960,162.97737956047058
ViterbiNet,17,3.7036736806233724e-05,7002,98.44793725013733
Transformer,0,0.1877777349948883,6960,112.42189002037048
ViterbiNet,0,0.17949995875358582,7002,63.904027223587036
Transformer,1,0.16644440193970997,6960,111.44235110282898
ViterbiNet,1,0.15661107103029887,7002,63.88084268569946
Transformer,2,0.14236107031504314,6960,111.66766786575317
ViterbiNet,2,0.1319166253010432,7002,63.706188917160034
Transformer,3,0.1208055148522059,6960,112.50633978843689
ViterbiNet,3,0.11124995867411296,7002,63.76966953277588
Transformer,4,0.10136107087135315,6960,112.86561393737793
ViterbiNet,4,0.08505551278591156,7002,63.933340311050415
Transformer,5,0.07822217802206675,6960,111.3631706237793
ViterbiNet,5,0.06897217849890391,7002,63.63962960243225
Transformer,6,0.060638846158981324,6960,111.78855633735657
ViterbiNet,6,0.04855551540851593,7002,63.83859705924988
Transformer,8,0.03005552073319753,6960,111.52645945549011
ViterbiNet,8,0.027944409052530924,7002,64.17166924476624
Transformer,9,0.021444419821103414,6960,112.67006206512451
ViterbiNet,9,0.015611086090405782,7002,63.68869113922119
Transformer,10,0.011388874451319376,6960,111.9055404663086
ViterbiNet,10,0.009027761816978454,7002,63.83827567100525
Transformer,11,0.005138880809148152,6960,112.66294860839844
ViterbiNet,11,0.008749986290931702,7002,63.8040668964386
Transformer,12,0.002208323876063029,6960,128.31633734703064
ViterbiNet,12,0.0032499831914901732,7002,82.33763599395752
Transformer,13,0.0008055522044499716,6960,128.19293212890625
ViterbiNet,13,0.0005694413185119629,7002,82.17116141319275
Transformer,14,0.00018518447875976563,6960,164.44771695137024
ViterbiNet,14,0.000601849357287089,7002,98.41268801689148
Transformer,15,0.00019444406032562256,6960,163.15663981437683
ViterbiNet,15,0.00010185122489929199,7002,97.99712872505188
Transformer,16,0.0001759252945582072,6960,162.96871662139893
ViterbiNet,16,1.8518368403116862e-05,7002,97.95650577545166
Transformer,17,0.0,6960,163.76126742362976
ViterbiNet,17,6.481448809305827e-05,7002,98.30848217010498
Transformer,0,0.18558329085508982,6960,112.3018639087677
ViterbiNet,0,0.18047218124071757,7002,63.638590574264526
Transformer,1,0.16322218159834545,6960,111.6141631603241
ViterbiNet,1,0.15799995799859365,7002,63.786255836486816
Transformer,2,0.14313884794712067,6960,112.30122947692871
ViterbiNet,2,0.13466662526130677,7002,63.603938817977905
Transformer,3,0.12088884751001994,6960,111.97872185707092
ViterbiNet,3,0.1094166253010432,7002,63.78742241859436
Transformer,4,0.09933329065640767,6960,111.73195219039917
ViterbiNet,4,0.08802773356437683,7002,63.93862795829773
Transformer,5,0.08133329033851623,6960,112.3756754398346
ViterbiNet,5,0.0660555112361908,7002,63.556230306625366
Transformer,6,0.06422217865784963,6960,111.29574131965637
ViterbiNet,6,0.04874996026357015,7002,63.58635902404785
Transformer,8,0.034083297848701476,6960,111.38357186317444
ViterbiNet,8,0.025027742783228557,7002,63.52178907394409
Transformer,9,0.02399997095266978,6960,111.7125518321991
ViterbiNet,9,0.01611108660697937,7002,63.78847098350525
Transformer,10,0.01297220547993978,6960,112.16001272201538
ViterbiNet,10,0.00902776022752126,7002,63.590845823287964
Transformer,11,0.004999993443489075,6960,112.33593583106995
ViterbiNet,11,0.0060833207766215,7002,63.55420207977295
Transformer,12,0.0018749934434890746,6960,128.50149941444397
ViterbiNet,12,0.0010555493831634522,7002,82.29384660720825
Transformer,13,0.0010833299160003661,6960,127.86830306053162
ViterbiNet,13,0.0006805517276128134,7002,81.90454983711243
Transformer,14,0.0003888881206512451,6960,164.42784547805786
ViterbiNet,14,0.00024073978265126545,7002,98.29828071594238
Transformer,15,0.0001759252945582072,6960,163.43299293518066
ViterbiNet,15,0.00012036959330240886,7002,98.04775190353394
Transformer,16,0.0,6960,163.0588264465332
ViterbiNet,16,4.629611968994141e-05,7002,98.31264424324036
Transformer,17,4.629611968994141e-05,6960,163.43597984313965
ViterbiNet,17,0.0,7002,97.9574236869812
Transformer,0,0.18602773586908977,6960,111.14978694915771
ViterbiNet,0,0.17999995748202005,7002,63.55187225341797
Transformer,1,0.1624444031715393,6960,111.00572466850281
ViterbiNet,1,0.15780551393826803,7002,63.55418872833252
Transformer,2,0.14577773571014405,6960,111.13275408744812
ViterbiNet,2,0.13172218203544617,7002,63.38752555847168
Transformer,3,0.11983329315980275,6960,111.6528058052063
ViterbiNet,3,0.110166623989741,7002,63.271716356277466
Transformer,4,0.09986106952031454,6960,129.8345181941986
ViterbiNet,4,0.088055513103803,7002,66.67692875862122
Transformer,5,0.07919440031051636,6960,123.311274766922
ViterbiNet,5,0.06774995565414428,7002,72.09928369522095
Transformer,6,0.0622499563296636,6960,119.63245701789856
ViterbiNet,6,0.04894440233707428,7002,67.16877007484436
Transformer,8,0.034861074884732564,6960,117.10327816009521
ViterbiNet,8,0.023249970078468324,7002,66.9228401184082
Transformer,9,0.025527750651041667,6960,113.88646125793457
ViterbiNet,9,0.016277751326560973,7002,66.08861875534058
Transformer,10,0.012249982357025147,6960,112.70084190368652
ViterbiNet,10,0.011027758717536926,7002,64.3885669708252
Transformer,11,0.006194437146186829,6960,112.40148138999939
ViterbiNet,11,0.0064722112814585364,7002,64.1061360836029
Transformer,12,0.0023333239555358887,6960,127.7792100906372
ViterbiNet,12,0.0021805453300476076,7002,82.45526123046875
Transformer,13,0.0010277738173802694,6960,129.4423530101776
ViterbiNet,13,0.0011249935626983642,7002,86.17626285552979
Transformer,14,0.0004537026087443034,6960,222.06778693199158
ViterbiNet,14,0.0005277758836746216,7002,99.34661436080933
Transformer,15,8.333325386047363e-05,6960,170.55522227287292
ViterbiNet,15,0.00012036979198455811,7002,99.15286874771118
Transformer,16,2.7777751286824546e-05,6960,165.50301599502563
ViterbiNet,16,5.555510520935058e-05,7002,98.28878474235535
Transformer,17,0.0,6960,167.50704407691956
ViterbiNet,17,1.8518368403116862e-05,7002,98.33046436309814
Transformer,0,0.18930551250775654,6960,112.20407104492188
ViterbiNet,0,0.18008329093456268,7002,63.97303748130798
Transformer,1,0.16463884592056274,6960,111.49547600746155
ViterbiNet,1,0.15855551441510518,7002,63.85399055480957
Transformer,2,0.1407777363061905,6960,111.88280272483826
ViterbiNet,2,0.13411106924215951,7002,63.56794047355652
Transformer,3,0.12055551568667094,6960,112.0169825553894
ViterbiNet,3,0.11002773582935334,7002,63.70417642593384
Transformer,4,0.10019440352916717,6960,111.31592869758606
ViterbiNet,4,0.08544440031051635,7002,63.53847813606262
Transformer,5,0.08147217869758606,6960,111.56804370880127
ViterbiNet,5,0.06502773622671763,7002,64.18862390518188
Transformer,6,0.06161106745402018,6960,111.97942399978638
ViterbiNet,6,0.05019440213839213,7002,63.7053325176239
Transformer,8,0.03327774147192637,6960,112.666832447052
ViterbiNet,8,0.025055524110794068,7002,63.52367949485779
Transformer,9,0.020805527766545612,6960,112.0174331665039
ViterbiNet,9,0.01763886272907257,7002,63.705058336257935
Transformer,10,0.011944428682327271,6960,112.59913635253906
ViterbiNet,10,0.010444425145785015,7002,63.8011691570282
Transformer,11,0.007111101349194845,6960,112.03249144554138
ViterbiNet,11,0.0051944351196289065,7002,63.706162452697754
Transformer,12,0.002430545687675476,6960,127.53562903404236
ViterbiNet,12,0.0024305423100789386,7002,81.98880410194397
Transformer,13,0.0008888858556747437,6960,127.94914221763611
ViterbiNet,13,0.0008888840675354004,7002,82.9554431438446
Transformer,14,0.0005833313862482706,6960,183.66675305366516
ViterbiNet,14,0.0002777767181396484,7002,99.10316634178162
Transformer,15,0.00012037018934885661,6960,168.40145897865295
ViterbiNet,15,3.7036736806233724e-05,7002,99.40020537376404
Transformer,16,6.481468677520752e-05,6960,165.58504438400269
ViterbiNet,16,1.8518368403116862e-05,7002,98.53154468536377
Transformer,17,2.7777751286824546e-05,6960,165.57670664787292
ViterbiNet,17,0.0,7002,98.2648446559906
Transformer,0,0.18808329184850056,6960,111.42758131027222
ViterbiNet,0,0.17961106956005096,7002,63.63756990432739
Transformer,1,0.16574995855490365,6960,112.2486469745636
ViterbiNet,1,0.15713884909947715,7002,63.90305256843567
Transformer,2,0.14386106888453165,6960,111.60175776481628
ViterbiNet,2,0.13305551330248513,7002,63.67184352874756
Transformer,3,0.12202773710091909,6960,112.15153193473816
ViterbiNet,3,0.11061106880505879,7002,63.687416791915894
Transformer,4,0.10208328982194265,6960,111.57838869094849
ViterbiNet,4,0.08705551286538442,7002,63.67280387878418
Transformer,5,0.07869440019130707,6960,112.2448182106018
ViterbiNet,5,0.06580551167329153,7002,63.87280082702637
Transformer,6,0.058194400866826375,6960,111.58416056632996
ViterbiNet,6,0.0504999585946401,7002,63.905320167541504
Transformer,8,0.03199996570746104,6960,111.9975802898407
ViterbiNet,8,0.0261666339635849,7002,63.95523476600647
Transformer,9,0.022361085812250773,6960,112.68565106391907
ViterbiNet,9,0.015194420417149862,7002,63.55388641357422
Transformer,10,0.013111095031102499,6960,112.1350827217102
ViterbiNet,10,0.011416645050048828,7002,63.7541184425354
Transformer,11,0.007194434205691019,6960,112.16513466835022
ViterbiNet,11,0.004722212354342142,7002,64.00331163406372
Transformer,12,0.0016527716318766276,6960,128.99189162254333
ViterbiNet,12,0.0013611032565434774,7002,82.59406113624573
Transformer,13,0.001166661779085795,6960,127.91806173324585
ViterbiNet,13,0.0014583257834116618,7002,82.70328736305237
Transformer,14,0.0003333322207132975,6960,173.5698549747467
ViterbiNet,14,0.000675923228263855,7002,98.84234356880188
Transformer,15,0.00014814794063568117,6960,168.09724926948547
ViterbiNet,15,0.00037962794303894045,7002,98.2148289680481
Transformer,16,0.00013888855775197347,6960,165.10008215904236
ViterbiNet,16,3.7036736806233724e-05,7002,98.61149621009827
Transformer,17,5.555550257364909e-05,6960,165.81079721450806
ViterbiNet,17,1.8518368403116862e-05,7002,98.49192667007446
Transformer,0,0.1871388453245163,6960,111.62466621398926
ViterbiNet,0,0.1794444042444229,7002,64.02058291435242
Transformer,1,0.1604999581972758,6960,111.96216416358948
ViterbiNet,1,0.1568888489405314,7002,63.67180299758911
Transformer,2,0.14236107071240742,6960,111.88552856445312
ViterbiNet,2,0.1319999591509501,7002,64.0208945274353
Transformer,3,0.11799995998541514,6960,111.27774333953857
ViterbiNet,3,0.10919440090656281,7002,63.76031994819641
Transformer,4,0.0978332910935084,6960,111.54766368865967
ViterbiNet,4,0.08711106757322948,7002,63.77807331085205
Transformer,5,0.07874995628992716,6960,112.14472699165344
ViterbiNet,5,0.06741662363211313,7002,63.50623083114624
Transformer,6,0.059555513262748716,6960,111.7788758277893
ViterbiNet,6,0.049166625340779625,7002,63.55520176887512
Transformer,8,0.035749965707461036,6960,112.42286849021912
ViterbiNet,8,0.024333301186561584,7002,63.801926374435425
Transformer,9,0.023611081838607786,6960,112.41263628005981
ViterbiNet,9,0.017722196181615194,7002,63.92518973350525
Transformer,10,0.010999985337257386,6960,112.05208945274353
ViterbiNet,10,0.009277759989102682,7002,63.655115365982056
Transformer,11,0.00597221314907074,6960,112.2494068145752
ViterbiNet,11,0.007583319544792176,7002,63.756088972091675
Transformer,12,0.0026111018657684324,6960,127.67139077186584
ViterbiNet,12,0.0015555469195048014,7002,82.32209062576294
Transformer,13,0.0010694400469462076,6960,128.52766299247742
ViterbiNet,13,0.0009722171227137248,7002,82.66915822029114
Transformer,14,0.0004074066877365112,6960,170.42984819412231
ViterbiNet,14,0.0003981463114420573,7002,98.76704406738281
Transformer,15,0.00011111080646514893,6960,170.38362908363342
ViterbiNet,15,9.259204069773356e-05,7002,98.48544573783875
Transformer,16,3.7036935488382975e-05,6960,165.45960903167725
ViterbiNet,16,6.481448809305827e-05,7002,98.59292769432068
Transformer,17,1.8518368403116862e-05,6960,165.9184229373932
ViterbiNet,17,0.0,7002,98.79614996910095
Transformer,0,0.18505551397800446,6960,112.06306076049805
ViterbiNet,0,0.1800277352333069,7002,63.821897745132446
Transformer,1,0.1648055136203766,6960,112.09085869789124
ViterbiNet,1,0.15627773582935334,7002,63.60316324234009
Transformer,2,0.1390832914908727,6960,112.2171700000763
ViterbiNet,2,0.1328332938750585,7002,63.722919940948486
Transformer,3,0.1204444044828415,6960,112.75136804580688
ViterbiNet,3,0.11013884941736857,7002,63.87096047401428
Transformer,4,0.09899995744228363,6960,111.65756702423096
ViterbiNet,4,0.08755551139513651,7002,63.644439697265625
Transformer,5,0.07794440070788065,6960,111.411700963974
ViterbiNet,5,0.06747217933336894,7002,63.6541428565979
Transformer,6,0.06477773487567902,6960,112.11246228218079
ViterbiNet,6,0.04561107059319814,7002,63.77093148231506
Transformer,8,0.03183329701423645,6960,113.3534848690033
ViterbiNet,8,0.024333301385243734,7002,63.855204820632935
Transformer,9,0.02291663964589437,6960,111.91286444664001
ViterbiNet,9,0.018166638612747192,7002,63.83752703666687
Transformer,10,0.012749983270963033,6960,112.28929281234741
ViterbiNet,10,0.010749980608622233,7002,63.99408316612244
Transformer,11,0.005166659355163574,6960,111.92940783500671
ViterbiNet,11,0.006916653712590535,7002,63.826797008514404
Transformer,12,0.002138880491256714,6960,127.77391052246094
ViterbiNet,12,0.002749984860420227,7002,82.10546565055847
Transformer,13,0.0006666638453801474,6960,129.1055302619934
ViterbiNet,13,0.0009722171227137248,7002,82.72292304039001
Transformer,14,0.00020370304584503175,6960,203.0627739429474
ViterbiNet,14,0.0003888873259226481,7002,98.7919192314148
Transformer,15,0.00016666630903879802,6960,169.51353430747986
ViterbiNet,15,0.0001388883590698242,7002,100.02375078201294
Transformer,16,0.00012036999066670736,6960,167.22793436050415
ViterbiNet,16,3.7036935488382975e-05,7002,98.44702768325806
Transformer,17,3.7036935488382975e-05,6960,166.72824954986572
ViterbiNet,17,0.0,7002,98.76585078239441
Transformer,0,0.18569440205891927,6960,112.1794753074646
ViterbiNet,0,0.18011106928189596,7002,64.05411839485168
Transformer,1,0.16494440337022145,6960,111.80359220504761
ViterbiNet,1,0.15563884834448496,7002,63.88735747337341
Transformer,2,0.1422777380545934,6960,112.1160454750061
ViterbiNet,2,0.13361107011636097,7002,63.87092089653015
Transformer,3,0.12161107122898102,6960,112.71529960632324
ViterbiNet,3,0.11074995736281078,7002,64.18767762184143
Transformer,4,0.09791662434736888,6960,112.30964469909668
ViterbiNet,4,0.08852773368358612,7002,63.95427107810974
Transformer,5,0.0806666229168574,6960,112.09879469871521
ViterbiNet,5,0.06727773368358612,7002,63.92072415351868
Transformer,6,0.06247217873732249,6960,112.03626918792725
ViterbiNet,6,0.050194402933120726,7002,63.721742153167725
Transformer,8,0.033583298921585084,6960,113.04518270492554
ViterbiNet,8,0.026777743697166442,7002,63.805052518844604
Transformer,9,0.022555528084437053,6960,112.8904230594635
ViterbiNet,9,0.01511108636856079,7002,63.71976065635681
Transformer,10,0.014055539965629577,6960,112.11399364471436
ViterbiNet,10,0.007805541356404622,7002,63.92070960998535
Transformer,11,0.006111103494962056,6960,112.98911190032959
ViterbiNet,11,0.005749988953272502,7002,63.95491147041321
Transformer,12,0.0026805442571640014,6960,128.46991419792175
ViterbiNet,12,0.002194433808326721,7002,82.04897499084473
Transformer,13,0.0004722203811009725,6960,128.1673514842987
ViterbiNet,13,0.0010694390535354614,7002,82.27724552154541
Transformer,14,0.00037036895751953126,6960,177.89142179489136
ViterbiNet,14,0.00025925815105438233,7002,99.19387364387512
Transformer,15,0.00012037018934885661,6960,169.56409978866577
ViterbiNet,15,0.00010185142358144124,7002,98.71480655670166
Transformer,16,5.555550257364909e-05,6960,167.84887599945068
ViterbiNet,16,0.00012036999066670736,7002,99.44209575653076
Transformer,17,0.0,6960,167.5547697544098
ViterbiNet,17,0.0,7002,98.94074034690857
Transformer,0,0.18605551342169444,6960,112.98440289497375
ViterbiNet,0,0.1794721794128418,7002,64.03751420974731
Transformer,1,0.16674996038277945,6960,111.9725489616394
ViterbiNet,1,0.15763884683450063,7002,63.90414047241211
Transformer,2,0.14180551429589588,6960,111.74958395957947
ViterbiNet,2,0.13236106991767882,7002,63.85532212257385
Transformer,3,0.12230551441510519,6960,112.60471701622009
ViterbiNet,3,0.10933329105377197,7002,64.0197811126709
Transformer,4,0.10083329161008199,6960,112.08282279968262
ViterbiNet,4,0.08736106634140015,7002,64.03961300849915
Transformer,5,0.08324995577335358,6960,111.71939158439636
ViterbiNet,5,0.06666662414868672,7002,64.05046463012695
Transformer,6,0.06588884433110555,6960,111.9756371974945
ViterbiNet,6,0.04849995752175649,7002,64.58849501609802
Transformer,8,0.03480551819006602,6960,111.85239481925964
ViterbiNet,8,0.023805525302886963,7002,63.98754405975342
Transformer,9,0.02086108406384786,6960,112.61167907714844
ViterbiNet,9,0.015416642228762309,7002,64.03747272491455
Transformer,10,0.011499985257784525,6960,112.35235214233398
ViterbiNet,10,0.009249985814094544,7002,63.87081527709961
Transformer,11,0.006416655977567037,6960,112.71769595146179
ViterbiNet,11,0.005583323240280151,7002,64.30504894256592
Transformer,12,0.0019027696053187052,6960,129.20943784713745
ViterbiNet,12,0.002263877789179484,7002,82.60328006744385
Transformer,13,0.0012222176790237427,6960,128.8444468975067
ViterbiNet,13,0.0018472135066986083,7002,82.52206707000732
Transformer,14,0.0004074060916900635,6960,176.96548867225647
ViterbiNet,14,0.0002777765194574992,7002,99.35285234451294
Transformer,15,7.40736722946167e-05,6960,169.6601803302765
ViterbiNet,15,0.00022222161293029786,7002,98.53128051757812
Transformer,16,0.0,6960,166.15965604782104
ViterbiNet,16,3.7036736806233724e-05,7002,99.34297728538513
Transformer,17,3.7036736806233724e-05,6960,167.75464844703674
ViterbiNet,17,0.0,7002,98.53155732154846
Transformer,0,0.18827773491541544,6960,111.57076454162598
ViterbiNet,0,0.18069440285364788,7002,63.80517601966858
Transformer,1,0.1621944026152293,6960,112.07298517227173
ViterbiNet,1,0.15758329113324485,7002,63.86868929862976
Transformer,2,0.13972218036651612,6960,112.61884593963623
ViterbiNet,2,0.1338610698779424,7002,63.820576667785645
Transformer,3,0.11891662577788036,6960,111.81074976921082
ViterbiNet,3,0.10863884508609772,7002,63.671982526779175
Transformer,4,0.09836106956005096,6960,111.98196411132812
ViterbiNet,4,0.08711106737454732,7002,63.7707154750824
Transformer,5,0.08188884377479554,6960,112.0428307056427
ViterbiNet,5,0.06613884488741557,7002,63.87170672416687
Transformer,6,0.06574995636940002,6960,111.70129656791687
ViterbiNet,6,0.04747218191623688,7002,63.788565158843994
Transformer,8,0.03458329876263937,6960,111.66406059265137
ViterbiNet,8,0.026638855934143068,7002,64.23746490478516
Transformer,9,0.025055526693662008,6960,112.5016918182373
ViterbiNet,9,0.016138866543769836,7002,63.82189106941223
Transformer,10,0.012333317200342813,6960,112.9534125328064
ViterbiNet,10,0.0094722052415212,7002,64.08614778518677
Transformer,11,0.005944435397783915,6960,112.32877850532532
ViterbiNet,11,0.007555542985598246,7002,64.01256036758423
Transformer,12,0.001708325743675232,6960,128.64649367332458
ViterbiNet,12,0.0026110992829004925,7002,82.66815972328186
Transformer,13,0.0007499969005584717,6960,128.69424676895142
ViterbiNet,13,0.0008194394906361898,7002,82.60119676589966
Transformer,14,0.00043518424034118654,6960,173.72332215309143
ViterbiNet,14,0.0006944415966669719,7002,99.24370861053467
Transformer,15,0.0001574067274729411,6960,176.66949701309204
ViterbiNet,15,0.0003240730365117391,7002,99.41417908668518
Transformer,16,7.407387097676595e-05,6960,166.2182650566101
ViterbiNet,16,8.333285649617513e-05,7002,98.25712013244629
Transformer,17,0.0,6960,167.05908226966858
ViterbiNet,17,1.8518368403116862e-05,7002,110.91773271560669
Transformer,0,0.18747218012809752,6960,112.07124829292297
ViterbiNet,0,0.17897218108177185,7002,65.806161403656
Transformer,1,0.1697777356704076,6960,111.8530044555664
ViterbiNet,1,0.1578888479868571,7002,64.03833937644958
Transformer,2,0.14116662502288818,6960,112.37838101387024
ViterbiNet,2,0.13286107023557028,7002,63.93858098983765
Transformer,3,0.11941662689050038,6960,112.5366940498352
ViterbiNet,3,0.11008329133192699,7002,63.86583852767944
Transformer,4,0.10047217984994253,6960,111.4698715209961
ViterbiNet,4,0.08736106673876444,7002,63.66463780403137
Transformer,5,0.07941662430763245,6960,111.76806640625
ViterbiNet,5,0.06361106753349305,7002,63.7540762424469
Transformer,6,0.062444401582082115,6960,112.59618735313416
ViterbiNet,6,0.04780551532904307,7002,63.95419955253601
Transformer,8,0.03466663142045339,6960,111.9170298576355
ViterbiNet,8,0.024638856450716656,7002,63.70784616470337
Transformer,9,0.02455552915732066,6960,111.6833987236023
ViterbiNet,9,0.01699997405211131,7002,63.7041962146759
Transformer,10,0.011249985893567403,6960,112.32932496070862
ViterbiNet,10,0.011249981125195822,7002,63.9218430519104
Transformer,11,0.0065555473168691,6960,112.24170756340027
ViterbiNet,11,0.006638876994450887,7002,63.99082899093628
Transformer,12,0.0025138787428538004,6960,128.5673053264618
ViterbiNet,12,0.0022916555404663085,7002,82.13671255111694
Transformer,13,0.0008333301544189453,6960,128.44847869873047
ViterbiNet,13,0.000972216526667277,7002,82.25649333000183
Transformer,14,0.00020370284716288248,6960,180.7636420726776
ViterbiNet,14,0.00037962774435679116,7002,98.66117739677429
Transformer,15,3.7036736806233724e-05,6960,170.23822474479675
ViterbiNet,15,9.259204069773356e-05,7002,98.83050274848938
Transformer,16,3.7036736806233724e-05,6960,166.2841498851776
ViterbiNet,16,1.8518368403116862e-05,7002,98.65201735496521
Transformer,17,0.0,6960,166.81316709518433
ViterbiNet,17,0.0,7002,98.56466889381409
Transformer,0,0.18772217889626822,6960,113.41214323043823
ViterbiNet,0,0.18033329248428345,7002,63.571861267089844
Transformer,1,0.16236106912295023,6960,111.82882761955261
ViterbiNet,1,0.15697218239307403,7002,64.95402336120605
Transformer,2,0.1389166263739268,6960,111.0638256072998
ViterbiNet,2,0.13302773594856263,7002,63.51963520050049
Transformer,3,0.12202773710091909,6960,111.6655821800232
ViterbiNet,3,0.1089166247844696,7002,63.72193384170532
Transformer,4,0.09547217885653178,6960,111.66399550437927
ViterbiNet,4,0.08633328874905905,7002,63.355886697769165
Transformer,5,0.08391662339369456,6960,111.62462615966797
ViterbiNet,5,0.06911106844743092,7002,63.322938203811646
Transformer,6,0.06252773423989613,6960,111.99524068832397
ViterbiNet,6,0.0473888486623764,7002,63.65412712097168
Transformer,8,0.03461107492446899,6960,111.46340107917786
ViterbiNet,8,0.023027748068173728,7002,65.11846494674683
Transformer,9,0.021555527647336325,6960,123.13677191734314
ViterbiNet,9,0.01541664183139801,7002,67.86772561073303
Transformer,10,0.012777760823567708,6960,124.30195236206055
ViterbiNet,10,0.010694424708684286,7002,73.87878775596619
Transformer,11,0.0058333245913187665,6960,116.00216746330261
ViterbiNet,11,0.004972213308016459,7002,63.97532844543457
Transformer,12,0.002041658560434977,6960,127.75251817703247
ViterbiNet,12,0.0025555419921875,7002,82.49705004692078
Transformer,13,0.0013194396098454794,6960,127.73541259765625
ViterbiNet,13,0.0007777730623881022,7002,82.53632259368896
Transformer,14,0.0003611101706822713,6960,180.20290637016296
ViterbiNet,14,0.0003518501917521159,7002,98.83051371574402
Transformer,15,8.333305517832438e-05,6960,168.77350902557373
ViterbiNet,15,0.00016666611035664875,7002,98.58882665634155
Transformer,16,9.259223937988282e-05,6960,166.1412272453308
ViterbiNet,16,3.7036736806233724e-05,7002,98.9574294090271
Transformer,17,2.7777751286824546e-05,6960,165.5094814300537
ViterbiNet,17,0.0,7002,99.03133368492126
Transformer,0,0.18580551485220592,6960,112.87691259384155
ViterbiNet,0,0.1796388469139735,7002,63.72188663482666
Transformer,1,0.15977773567040762,6960,113.1101381778717
ViterbiNet,1,0.1580277355511983,7002,63.771761417388916
Transformer,2,0.14191662589708964,6960,111.9164867401123
ViterbiNet,2,0.13455551425615947,7002,63.619816303253174
Transformer,3,0.12224995911121368,6960,111.5817301273346
ViterbiNet,3,0.11083329021930695,7002,63.57190155982971
Transformer,4,0.09811106820901234,6960,112.0841920375824
ViterbiNet,4,0.08508329053719839,7002,63.92298460006714
Transformer,5,0.08008328974246978,6960,111.45505428314209
ViterbiNet,5,0.06619440058867136,7002,63.512545108795166
Transformer,6,0.060166624188423154,6960,111.88444375991821
ViterbiNet,6,0.049249958197275796,7002,63.73220729827881
Transformer,8,0.03649996280670166,6960,111.05163049697876
ViterbiNet,8,0.0238332994778951,7002,63.73637104034424
Transformer,9,0.02269441743691762,6960,112.19621682167053
ViterbiNet,9,0.015499977270762126,7002,63.554014682769775
Transformer,10,0.014388871391614278,6960,111.5792944431305
ViterbiNet,10,0.012055534720420837,7002,63.60409355163574
Transformer,11,0.005805547634760539,6960,112.76611328125
ViterbiNet,11,0.006555543939272563,7002,63.85501766204834
Transformer,12,0.0025555453697840374,6960,129.0516963005066
ViterbiNet,12,0.00202776829401652,7002,82.30460119247437
Transformer,13,0.0006527747710545858,6960,127.5453691482544
ViterbiNet,13,0.0009444389740626018,7002,82.07201218605042
Transformer,14,0.0002129624287287394,6960,185.3994574546814
ViterbiNet,14,0.00035184999306996664,7002,99.85674357414246
Transformer,15,3.7036935488382975e-05,6960,169.49260354042053
ViterbiNet,15,0.00011111040910085042,7002,98.48367071151733
Transformer,16,0.0,6960,165.93246841430664
ViterbiNet,16,0.00010185142358144124,7002,98.48437857627869
Transformer,17,7.407387097676595e-05,6960,166.47359681129456
ViterbiNet,17,0.0,7002,98.51265549659729
Transformer,0,0.18811106741428374,6960,112.42181372642517
ViterbiNet,0,0.18102773626645405,7002,63.856242656707764
Transformer,1,0.16449995776017506,6960,112.42160630226135
ViterbiNet,1,0.15666662534077963,7002,63.863003730773926
Transformer,2,0.14163884699344634,6960,114.15403175354004
ViterbiNet,2,0.13149996042251588,7002,63.72250843048096
Transformer,3,0.12024996002515156,6960,112.75079298019409
ViterbiNet,3,0.11149995843569438,7002,63.78774380683899
Transformer,4,0.09961106737454732,6960,111.41223120689392
ViterbiNet,4,0.08733328839143117,7002,63.658100843429565
Transformer,5,0.08072217762470245,6960,112.60028910636902
ViterbiNet,5,0.06591662367184957,7002,63.90626788139343
Transformer,6,0.06022217830022176,6960,112.0180287361145
ViterbiNet,6,0.045861071348190306,7002,63.704132318496704
Transformer,8,0.03463885347048441,6960,112.37231469154358
ViterbiNet,8,0.025861079295476277,7002,63.77296853065491
Transformer,9,0.02083330710728963,6960,112.44595766067505
ViterbiNet,9,0.01822219669818878,7002,63.92178297042847
Transformer,10,0.012611094911893208,6960,111.70896768569946
ViterbiNet,10,0.010305537780125936,7002,63.606446743011475
Transformer,11,0.007194434404373169,6960,111.61606025695801
ViterbiNet,11,0.006305545767148335,7002,63.62412118911743
Transformer,12,0.0021388802925745645,6960,127.70161843299866
ViterbiNet,12,0.0025972090164820354,7002,82.38750743865967
Transformer,13,0.0007499972979227702,6960,128.81189823150635
ViterbiNet,13,0.0009861057996749878,7002,82.43767070770264
Transformer,14,0.00033333281675974527,6960,174.67665672302246
ViterbiNet,14,0.0005370352665583293,7002,98.91372895240784
Transformer,15,0.0001944438616434733,6960,175.22792673110962
ViterbiNet,15,0.0001759244998296102,7002,98.88034725189209
Transformer,16,3.7036935488382975e-05,6960,164.55566358566284
ViterbiNet,16,8.333305517832438e-05,7002,98.97928857803345
Transformer,17,0.0,6960,165.54182362556458
ViterbiNet,17,1.8518368403116862e-05,7002,99.04718565940857
Transformer,0,0.1875277348359426,6960,112.14206171035767
ViterbiNet,0,0.1789444023370743,7002,64.12136673927307
Transformer,1,0.16436106959978738,6960,111.73931837081909
ViterbiNet,1,0.15808329125245413,7002,63.771804094314575
Transformer,2,0.14261106848716737,6960,112.09284949302673
ViterbiNet,2,0.13411107063293456,7002,63.82091450691223
Transformer,3,0.11899995903174082,6960,113.08345675468445
ViterbiNet,3,0.10922217885653178,7002,63.751020669937134
Transformer,4,0.10052773416042328,6960,111.98420548439026
ViterbiNet,4,0.08727773348490397,7002,63.87196969985962
Transformer,5,0.08163884500662485,6960,111.71714305877686
ViterbiNet,5,0.06669440269470214,7002,63.671879291534424
Transformer,6,0.062083289821942646,6960,112.77846050262451
ViterbiNet,6,0.04833329319953918,7002,63.856369495391846
Transformer,8,0.0355832972129186,6960,112.28749537467957
ViterbiNet,8,0.024333302776018778,7002,63.97065544128418
Transformer,9,0.02055552899837494,6960,111.61706924438477
ViterbiNet,9,0.01666663944721222,7002,63.72082209587097
Transformer,10,0.012361095150311788,6960,111.73027682304382
ViterbiNet,10,0.010527758995691935,7002,65.38759136199951
Transformer,11,0.0076111022631327315,6960,111.56669044494629
ViterbiNet,11,0.006222210923830668,7002,63.97199296951294
Transformer,12,0.0018055484692255657,6960,128.4228720664978
ViterbiNet,12,0.002138877709706624,7002,82.95548939704895
Transformer,13,0.0005277758836746216,6960,128.24409198760986
ViterbiNet,13,0.0012499924500783285,7002,82.57290434837341
Transformer,14,0.0002870364983876546,6960,179.6371786594391
ViterbiNet,14,0.0003518497943878174,7002,99.3158495426178
Transformer,15,0.0001481477419535319,6960,600.9335629940033
ViterbiNet,15,0.00011111060778299968,7002,129.66226768493652
Transformer,16,3.7036935488382975e-05,6960,181.6462516784668
ViterbiNet,16,1.8518368403116862e-05,7002,103.84235048294067
Transformer,17,3.7036736806233724e-05,6960,299.68436670303345
ViterbiNet,17,1.8518368403116862e-05,7002,108.41199445724487
Transformer,0,0.18911106785138448,6960,118.25102949142456
ViterbiNet,0,0.17952773650487264,7002,64.38115501403809
Transformer,1,0.16094440360864004,6960,112.75630235671997
ViterbiNet,1,0.1551666259765625,7002,64.10626459121704
Transformer,2,0.14247218012809754,6960,112.0629985332489
ViterbiNet,2,0.13202773670355478,7002,64.32182931900024
Transformer,3,0.11902773896853129,6960,113.31087255477905
ViterbiNet,3,0.10836106816927592,7002,63.53843069076538
Transformer,4,0.10241662502288819,6960,115.6666648387909
ViterbiNet,4,0.08469440201918284,7002,65.20025968551636
Transformer,5,0.08194440245628357,6960,120.37456274032593
ViterbiNet,5,0.0677777338027954,7002,70.16357398033142
Transformer,6,0.06561106900374095,6960,116.49721360206604
ViterbiNet,6,0.0486944035689036,7002,67.1711220741272
Transformer,8,0.03233329733212789,6960,117.2266161441803
ViterbiNet,8,0.025722190936406455,7002,64.10205483436584
Transformer,9,0.02399997095266978,6960,112.719890832901
ViterbiNet,9,0.014833310047785441,7002,64.07062315940857
Transformer,10,0.012388871312141418,6960,113.0734658241272
ViterbiNet,10,0.009333316683769226,7002,63.83659505844116
Transformer,11,0.005499989986419678,6960,112.28660035133362
ViterbiNet,11,0.005722210009892781,7002,63.99972105026245
Transformer,12,0.002888877789179484,6960,127.79759788513184
ViterbiNet,12,0.001666658123334249,7002,82.69888162612915
Transformer,13,0.0009583296378453572,6960,127.95042252540588
ViterbiNet,13,0.0010972162087758382,7002,83.43552684783936
Transformer,14,0.0002870364983876546,6960,183.73937678337097
ViterbiNet,14,0.0003055538733800252,7002,102.68828892707825
Transformer,15,0.00012036999066670736,6960,243.98336625099182
ViterbiNet,15,0.0002777765194574992,7002,105.78647184371948
Transformer,16,0.00011111080646514893,6960,176.90576171875
ViterbiNet,16,6.481448809305827e-05,7002,108.78383588790894
Transformer,17,2.7777751286824546e-05,6960,198.05621218681335
ViterbiNet,17,3.7036736806233724e-05,7002,100.51950311660767
Transformer,0,0.18730551342169444,6960,114.74492025375366
ViterbiNet,0,0.18072218199570975,7002,63.406928300857544
Transformer,1,0.1650277356306712,6960,111.70807385444641
ViterbiNet,1,0.15602773567040762,7002,63.391286849975586
Transformer,2,0.14055551449457804,6960,111.87992143630981
ViterbiNet,2,0.13261106967926026,7002,63.5631308555603
Transformer,3,0.12244440337022146,6960,111.92674970626831
ViterbiNet,3,0.11016662438710531,7002,63.141396045684814
Transformer,4,0.10027773519357046,6960,111.97353601455688
ViterbiNet,4,0.08641662359237672,7002,63.26635503768921
Transformer,5,0.07949995676676433,6960,111.69242739677429
ViterbiNet,5,0.06474995652834574,7002,63.62574481964111
Transformer,6,0.060027735233306886,6960,111.31752252578735
ViterbiNet,6,0.05099995752175649,7002,63.36006212234497
Transformer,8,0.034222187201182044,6960,112.08296060562134
ViterbiNet,8,0.02363885760307312,7002,63.219504833221436
Transformer,9,0.02241663952668508,6960,111.92677474021912
ViterbiNet,9,0.017861084739367167,7002,63.17263603210449
Transformer,10,0.01341664989789327,6960,111.80177688598633
ViterbiNet,10,0.007083320816357931,7002,63.68816685676575
Transformer,11,0.005888879696528117,6960,111.8486819267273
ViterbiNet,11,0.005444433887799581,7002,63.31316804885864
Transformer,12,0.0024860996007919313,6960,127.50119662284851
ViterbiNet,12,0.0037222051620483397,7002,81.84013795852661
Transformer,13,0.0007916637261708578,6960,126.97007751464844
ViterbiNet,13,0.0007222181558609008,7002,82.23062181472778
Transformer,14,0.00022222121556599936,6960,175.17746663093567
ViterbiNet,14,0.0006018491586049397,7002,97.46142983436584
Transformer,15,0.0001388887564341227,6960,169.19441938400269
ViterbiNet,15,0.00010185142358144124,7002,99.14850902557373
Transformer,16,2.7777751286824546e-05,6960,165.0079882144928
ViterbiNet,16,0.00011111060778299968,7002,97.63828635215759
Transformer,17,0.0,6960,164.35189080238342
ViterbiNet,17,0.0,7002,97.58637738227844
Transformer,0,0.1866388456026713,6960,112.14544010162354
ViterbiNet,0,0.1817777359485626,7002,63.71933054924011
Transformer,1,0.16386106967926026,6960,112.9265079498291
ViterbiNet,1,0.15886107027530671,7002,63.43820285797119
Transformer,2,0.13888884703318277,6960,111.84864163398743
ViterbiNet,2,0.1315277365843455,7002,63.32885551452637
Transformer,3,0.11949995954831441,6960,111.53621554374695
ViterbiNet,3,0.10938884556293488,7002,63.45379567146301
Transformer,4,0.09827773372332255,6960,112.02047538757324
ViterbiNet,4,0.08644440094629924,7002,63.34447526931763
Transformer,5,0.0806110668182373,6960,111.72356534004211
ViterbiNet,5,0.06752773384253184,7002,63.141398429870605
Transformer,6,0.061972179611523945,6960,111.83301973342896
ViterbiNet,6,0.04722218116124471,7002,63.54754614830017
Transformer,8,0.03452774206797282,6960,112.05169558525085
ViterbiNet,8,0.025416632493336994,7002,63.531902551651
Transformer,9,0.022333306868871052,6960,112.11412143707275
ViterbiNet,9,0.016444419423739115,7002,63.625630617141724
Transformer,10,0.012361095547676086,6960,112.03602528572083
ViterbiNet,10,0.009638871947924297,7002,63.26633286476135
Transformer,11,0.006999992330869039,6960,112.45787262916565
ViterbiNet,11,0.004722212553024292,7002,63.76619219779968
Transformer,12,0.0019305485486984253,6960,127.00131940841675
ViterbiNet,12,0.0027777628103892006,7002,81.58809900283813
Transformer,13,0.000986108183860779,6960,127.28250336647034
ViterbiNet,13,0.0009444393714269002,7002,81.76201176643372
Transformer,14,0.00036111056804656984,6960,175.42741012573242
ViterbiNet,14,0.00040740569432576497,7002,98.27374029159546
Transformer,15,0.00022222161293029786,6960,167.81982016563416
ViterbiNet,15,0.00012962877750396728,7002,97.4457859992981
Transformer,16,5.555530389149984e-05,6960,164.72680377960205
ViterbiNet,16,1.8518368403116862e-05,7002,98.39872241020203
Transformer,17,7.407387097676595e-05,6960,164.275639295578
ViterbiNet,17,2.7777751286824546e-05,7002,98.05504441261292
Transformer,0,0.18547217925389609,6960,112.4578709602356
ViterbiNet,0,0.17919440229733785,7002,63.000808000564575
Transformer,1,0.16291662494341533,6960,112.02047634124756
ViterbiNet,1,0.15672218124071757,7002,63.87555766105652
Transformer,2,0.14180551429589588,6960,113.3482301235199
ViterbiNet,2,0.13336107035477957,7002,63.57875156402588
Transformer,3,0.12066662748654683,6960,111.97363829612732
ViterbiNet,3,0.10869440078735351,7002,63.40693998336792
Transformer,4,0.10019440253575643,6960,112.17668843269348
ViterbiNet,4,0.08752773384253185,7002,63.563117265701294
Transformer,5,0.08027773320674897,6960,112.58284449577332
ViterbiNet,5,0.06794440110524495,7002,63.64124011993408
Transformer,6,0.06394440154234568,6960,111.95801258087158
ViterbiNet,6,0.04858329236507416,7002,63.57874274253845
Transformer,8,0.034861075282096865,6960,112.20793008804321
ViterbiNet,8,0.023555524746576944,7002,63.53190350532532
Transformer,9,0.022472195029258728,6960,112.1297218799591
ViterbiNet,9,0.0158055313428243,7002,63.500657081604004
Transformer,10,0.01194443106651306,6960,111.67683458328247
ViterbiNet,10,0.007166653474171956,7002,63.4850389957428
Transformer,11,0.004555548429489136,6960,111.83304357528687
ViterbiNet,11,0.0060277660687764485,7002,63.37568736076355
Transformer,12,0.002652767101923625,6960,126.7045111656189
ViterbiNet,12,0.002097211480140686,7002,82.16813731193542
Transformer,13,0.0009027741352717082,6960,126.407710313797
ViterbiNet,13,0.0014583265781402588,7002,82.31345701217651
Transformer,14,0.00034259140491485593,6960,167.8354458808899
ViterbiNet,14,0.0003518501917521159,7002,97.53951406478882
Transformer,15,0.00020370324452718099,6960,165.44536066055298
ViterbiNet,15,0.00017592509587605794,7002,97.72696852684021
Transformer,16,0.0,6960,164.86736917495728
ViterbiNet,16,4.629611968994141e-05,7002,98.1018807888031
Transformer,17,0.0,6960,165.88275933265686
ViterbiNet,17,0.0,7002,97.30519390106201
Transformer,0,0.18394440134366352,6960,111.908456325531
ViterbiNet,0,0.18072217961152395,7002,62.93829321861267
Transformer,1,0.16363884766896566,6960,111.9579918384552
ViterbiNet,1,0.1573055148124695,7002,63.11012649536133
Transformer,2,0.14302773773670197,6960,111.41123676300049
ViterbiNet,2,0.13197218219439188,7002,63.750600814819336
Transformer,3,0.12027773718039195,6960,112.98896908760071
ViterbiNet,3,0.10969440182050069,7002,63.14136981964111
Transformer,4,0.1001110694805781,6960,112.27041792869568
ViterbiNet,4,0.08583329061667125,7002,63.172611951828
Transformer,5,0.0781110668182373,6960,111.91109824180603
ViterbiNet,5,0.0673055116335551,7002,63.00077772140503
Transformer,6,0.06402773420015971,6960,112.53595614433289
ViterbiNet,6,0.04816662391026815,7002,63.17261242866516
Transformer,8,0.03586107452710469,6960,111.80175352096558
ViterbiNet,8,0.025222189823786417,7002,63.04764199256897
Transformer,9,0.020777753392855328,6960,111.50494909286499
ViterbiNet,9,0.013999977111816407,7002,63.032020568847656
Transformer,10,0.012777761022249857,6960,112.78586864471436
ViterbiNet,10,0.009499983191490173,7002,63.14137005805969
Transformer,11,0.006611100832621257,6960,111.75491285324097
ViterbiNet,11,0.0032222151756286623,7002,64.88951301574707
Transformer,12,0.0027222120761871338,6960,128.12605476379395
ViterbiNet,12,0.002124988039334615,7002,81.87133049964905
Transformer,13,0.0008611075083414713,6960,128.2197585105896
ViterbiNet,13,0.0010555495818456015,7002,82.38683438301086
Transformer,14,0.0003518509864807129,6960,180.75425839424133
ViterbiNet,14,0.0003981467088063558,7002,98.0081524848938
Transformer,15,9.259243806203207e-05,6960,168.17907810211182
ViterbiNet,15,0.00020370264848073325,7002,97.99253249168396
Transformer,16,0.00010185142358144124,6960,165.2735493183136
ViterbiNet,16,7.407387097676595e-05,7002,98.3049578666687
Transformer,17,7.407387097676595e-05,6960,164.99226355552673
ViterbiNet,17,0.0,7002,97.96128940582275
Transformer,0,0.1879444009065628,6960,111.86426305770874
ViterbiNet,0,0.18113884846369424,7002,63.59438896179199
Transformer,1,0.16699995855490365,6960,112.20035529136658
ViterbiNet,1,0.15761107007662456,7002,63.578757524490356
Transformer,2,0.14236106952031455,6960,112.2391746044159
ViterbiNet,2,0.1329444044828415,7002,63.61000871658325
Transformer,3,0.12147218147913615,6960,112.17671465873718
ViterbiNet,3,0.10933329065640768,7002,63.953693151474
Transformer,4,0.09797218004862468,6960,113.28580260276794
ViterbiNet,4,0.08622217873732249,7002,63.91799831390381
Transformer,5,0.0807777347167333,6960,112.4265410900116
ViterbiNet,5,0.06719440003236135,7002,63.50068688392639
Transformer,6,0.06524995724360148,6960,111.33313751220703
ViterbiNet,6,0.051361069083213806,7002,63.422582149505615
Transformer,8,0.03249996523062388,6960,112.64529752731323
ViterbiNet,8,0.02255552669366201,7002,63.54752516746521
Transformer,9,0.024388860265413922,6960,112.02039933204651
ViterbiNet,9,0.014805529514948528,7002,63.563148975372314
Transformer,10,0.013527759313583375,6960,112.00488638877869
ViterbiNet,10,0.012583311597506206,7002,63.578734397888184
Transformer,11,0.006249992450078328,6960,112.14547443389893
ViterbiNet,11,0.005555544098218282,7002,63.51627588272095
Transformer,12,0.0014444390932718913,6960,128.06356859207153
ViterbiNet,12,0.0020555458466211957,7002,81.74638390541077
Transformer,13,0.0008611081043879191,6960,128.29788994789124
ViterbiNet,13,0.0007499961058298747,7002,81.87133455276489
Transformer,14,0.0005185174942016602,6960,184.8611125946045
ViterbiNet,14,0.0004814789692560832,7002,97.91442131996155
Transformer,15,9.259223937988282e-05,6960,164.1356246471405
ViterbiNet,15,0.00018518467744191487,7002,97.82069778442383
Transformer,16,0.0001388887564341227,6960,161.75875282287598
ViterbiNet,16,3.7036736806233724e-05,7002,98.49241352081299
Transformer,17,2.7777751286824546e-05,6960,161.46184468269348
ViterbiNet,17,5.555530389149984e-05,7002,97.58637857437134
Transformer,0,0.18666662275791168,6960,111.80174946784973
ViterbiNet,0,0.1793055142958959,7002,63.79745864868164
Transformer,1,0.16330551465352378,6960,112.02952241897583
ViterbiNet,1,0.15719440321127573,7002,63.46939468383789
Transformer,2,0.1432221817970276,6960,111.83203291893005
ViterbiNet,2,0.13308329224586488,7002,63.266369104385376
Transformer,3,0.1221666270494461,6960,112.30165910720825
ViterbiNet,3,0.10883329033851624,7002,63.71936011314392
Transformer,4,0.0979999566078186,6960,112.44218134880066
ViterbiNet,4,0.08669440150260925,7002,64.03178572654724
Transformer,5,0.08144439995288849,6960,113.05141854286194
ViterbiNet,5,0.06713884651660919,7002,63.781816720962524
Transformer,6,0.0616388463973999,6960,112.02047348022461
ViterbiNet,6,0.048972181280454,7002,63.64128065109253
Transformer,8,0.03447218577067057,6960,112.30168652534485
ViterbiNet,8,0.02669441103935242,7002,63.65687108039856
Transformer,9,0.026194414695103963,6960,112.26124429702759
ViterbiNet,9,0.014888866742451986,7002,63.65687322616577
Transformer,10,0.012861093680063884,6960,111.73938322067261
ViterbiNet,10,0.011722201903661092,7002,63.5630829334259
Transformer,11,0.006472212076187134,6960,112.192312002182
ViterbiNet,11,0.007111097971598307,7002,63.81308436393738
Transformer,12,0.0021805475155512494,6960,128.0635690689087
ViterbiNet,12,0.0024999862909317015,7002,81.91819477081299
Transformer,13,0.00043055375417073565,6960,127.92297673225403
ViterbiNet,13,0.0005555524428685506,7002,81.73073887825012
Transformer,14,0.00037036955356597903,6960,170.16302251815796
ViterbiNet,14,0.0004259242614110311,7002,98.41430759429932
Transformer,15,0.00010185162226359049,6960,164.67515563964844
ViterbiNet,15,0.00011111060778299968,7002,98.05141091346741
Transformer,16,0.00010185162226359049,6960,162.91473126411438
ViterbiNet,16,1.8518368403116862e-05,7002,97.82069706916809
Transformer,17,2.7777751286824546e-05,6960,163.32088494300842
ViterbiNet,17,0.0,7002,97.86759853363037
Transformer,0,0.18841662367184958,6960,112.28600788116455
ViterbiNet,0,0.18002773463726043,7002,63.62565898895264
Transformer,1,0.16249995867411296,6960,111.89539861679077
ViterbiNet,1,0.15824995934963226,7002,63.95367908477783
Transformer,2,0.14105551362037658,6960,112.90758085250854
ViterbiNet,2,0.13224995811780293,7002,63.6100058555603
Transformer,3,0.12047218044598897,6960,112.5239691734314
ViterbiNet,3,0.10924995779991149,7002,63.70376467704773
Transformer,4,0.10183329145113627,6960,111.92674803733826
ViterbiNet,4,0.08619440078735352,7002,63.31323456764221
Transformer,5,0.07819440027077992,6960,111.70794701576233
ViterbiNet,5,0.0655555142958959,7002,64.31299376487732
Transformer,6,0.061111068725585936,6960,112.25477075576782
ViterbiNet,6,0.048888847430547076,7002,64.51604342460632
Transformer,8,0.03619440853595734,6960,112.19231033325195
ViterbiNet,8,0.023361081480979918,7002,63.516308546066284
Transformer,9,0.022583306233088175,6960,111.81740021705627
ViterbiNet,9,0.015388865272204082,7002,63.4850652217865
Transformer,10,0.01191664973894755,6960,112.34821248054504
ViterbiNet,10,0.01166664699713389,7002,63.656901121139526
Transformer,11,0.007277767658233642,6960,112.36417055130005
ViterbiNet,11,0.004777769049008687,7002,63.43815279006958
Transformer,12,0.0015416600306828816,6960,127.71990036964417
ViterbiNet,12,0.002263876795768738,7002,81.77765607833862
Transformer,13,0.0007361082235972086,6960,126.954425573349
ViterbiNet,13,0.0014166587591171265,7002,81.71515464782715
Transformer,14,0.0002314811944961548,6960,165.148579120636
ViterbiNet,14,0.0002962946891784668,7002,97.64889073371887
Transformer,15,4.629611968994141e-05,6960,163.16467237472534
ViterbiNet,15,9.259204069773356e-05,7002,98.27530336380005
Transformer,16,5.555550257364909e-05,6960,163.024080991745
ViterbiNet,16,1.8518368403116862e-05,7002,97.89462089538574
Transformer,17,3.7036935488382975e-05,6960,163.44585466384888
ViterbiNet,17,0.0,7002,97.82072401046753
Transformer,0,0.18780551473299661,6960,112.37976908683777
ViterbiNet,0,0.18055551449457805,7002,63.53190803527832
Transformer,1,0.16477773666381837,6960,111.4893491268158
ViterbiNet,1,0.15669440269470214,7002,63.50066876411438
Transformer,2,0.1426944027344386,6960,112.47349262237549
ViterbiNet,2,0.1329166253407796,7002,63.43817496299744
Transformer,3,0.12066662609577179,6960,111.94234371185303
ViterbiNet,3,0.10894440094629923,7002,63.646665811538696
Transformer,4,0.09955551366011302,6960,112.20472264289856
ViterbiNet,4,0.08580551187197367,7002,63.40692758560181
Transformer,5,0.07883329013983409,6960,111.8173987865448
ViterbiNet,5,0.0668055115143458,7002,63.57876706123352
Transformer,6,0.06205551306406657,6960,111.78832912445068
ViterbiNet,6,0.048083292047182716,7002,63.65687346458435
Transformer,8,0.03380551854769389,6960,112.23920154571533
ViterbiNet,8,0.023805524508158368,7002,68.40572619438171
Transformer,9,0.020138866504033407,6960,112.45786952972412
ViterbiNet,9,0.017111084858576455,7002,63.39133954048157
Transformer,10,0.014083315332730611,6960,112.14545369148254
ViterbiNet,10,0.007694430947303772,7002,63.42252564430237
Transformer,11,0.007055546045303345,6960,112.00874662399292
ViterbiNet,11,0.008277763525644938,7002,63.672494411468506
Transformer,12,0.0023055469989776613,6960,127.23563766479492
ViterbiNet,12,0.002041657567024231,7002,81.62138986587524
Transformer,13,0.0009444409608840942,6960,127.04818415641785
ViterbiNet,13,0.0006944406032562256,7002,81.79322385787964
Transformer,14,0.0003148134549458822,6960,165.5703547000885
ViterbiNet,14,0.0007962936162948608,7002,97.63327026367188
Transformer,15,0.00013888855775197347,6960,162.69603300094604
ViterbiNet,15,8.333285649617513e-05,7002,97.69575619697571
Transformer,16,0.0,6960,163.53948044776917
ViterbiNet,16,1.8518368403116862e-05,7002,97.79187154769897
Transformer,17,0.0,6960,162.91473078727722
ViterbiNet,17,1.8518368403116862e-05,7002,97.80507588386536
Transformer,0,0.18738884766896566,6960,111.59869170188904
ViterbiNet,0,0.17897218028704326,7002,63.29758381843567
Transformer,1,0.161472181280454,6960,111.56738376617432
ViterbiNet,1,0.1560555136203766,7002,63.79746079444885
Transformer,2,0.1409999583164851,6960,112.00483131408691
ViterbiNet,2,0.13136107047398884,7002,63.656901359558105
Transformer,3,0.11919440309206644,6960,111.64559197425842
ViterbiNet,3,0.1099444023768107,7002,63.594388008117676
Transformer,4,0.09963884651660919,6960,111.48935055732727
ViterbiNet,4,0.08511106709639231,7002,63.73536014556885
Transformer,5,0.07894440035025278,6960,111.7080762386322
ViterbiNet,5,0.06699995636940002,7002,63.745521545410156
Transformer,6,0.06294439991315205,6960,111.88689923286438
ViterbiNet,6,0.050416624943415325,7002,63.57876706123352
Transformer,8,0.03497218648592631,6960,112.02048063278198
ViterbiNet,8,0.023916634917259216,7002,63.813095808029175
Transformer,9,0.02299997309843699,6960,112.33290219306946
ViterbiNet,9,0.017222195466359457,7002,64.09427046775818
Transformer,10,0.01436109443505605,6960,112.53600692749023
ViterbiNet,10,0.008888872663180033,7002,63.90681028366089
Transformer,11,0.005527768731117249,6960,112.09850811958313
ViterbiNet,11,0.007111098368962606,7002,63.45376753807068
Transformer,12,0.0019444372256596882,6960,128.46921300888062
ViterbiNet,12,0.0015833260615666707,7002,82.10565066337585
Transformer,13,0.0011388842264811198,6960,127.95419669151306
ViterbiNet,13,0.0009722163279851278,7002,82.02759003639221
Transformer,14,0.0002685179313023885,6960,166.1795859336853
ViterbiNet,14,0.0004907387495040893,7002,98.33620095252991
Transformer,15,3.7036935488382975e-05,6960,163.8675308227539
ViterbiNet,15,0.00010185142358144124,7002,98.11750268936157
Transformer,16,6.481448809305827e-05,6960,163.36774969100952
ViterbiNet,16,2.7777751286824546e-05,7002,98.32057857513428
Transformer,17,1.8518368403116862e-05,6960,164.03682327270508
ViterbiNet,17,1.8518368403116862e-05,7002,98.13313436508179
Transformer,0,0.18513884643713632,6960,112.10965776443481
ViterbiNet,0,0.18102773487567902,7002,63.672494411468506
Transformer,1,0.16405551334222157,6960,111.42689275741577
ViterbiNet,1,0.1576666243871053,7002,63.610010623931885
Transformer,2,0.14230551501115163,6960,111.50497245788574
ViterbiNet,2,0.13263884703318277,7002,63.75062918663025
Transformer,3,0.11994440356890361,6960,112.20793056488037
ViterbiNet,3,0.1117499574025472,7002,63.31321167945862
Transformer,4,0.09791662474473317,6960,112.31720781326294
ViterbiNet,4,0.08580551366011302,7002,63.43817472457886
Transformer,5,0.07874995708465576,6960,112.5047345161438
ViterbiNet,5,0.0669166241089503,7002,63.65217185020447
Transformer,6,0.06149995783964793,6960,112.14544701576233
ViterbiNet,6,0.05094440201918284,7002,63.602855920791626
Transformer,8,0.03502774238586426,6960,111.95799040794373
ViterbiNet,8,0.023722190856933594,7002,63.594388246536255
Transformer,9,0.023111083308855692,6960,112.05171799659729
ViterbiNet,9,0.015611089468002319,7002,63.53190231323242
Transformer,10,0.013583315014839172,6960,112.37976479530334
ViterbiNet,10,0.010361091693242392,7002,63.50065994262695
Transformer,11,0.006555544336636862,6960,112.97337889671326
ViterbiNet,11,0.0066110990444819134,7002,64.03180980682373
Transformer,12,0.0016666609048843384,6960,127.84487175941467
ViterbiNet,12,0.002861095666885376,7002,81.54328608512878
Transformer,13,0.001124994953473409,6960,128.16575837135315
ViterbiNet,13,0.0010555495818456015,7002,81.99633765220642
Transformer,14,0.0003333324193954468,6960,174.9275233745575
ViterbiNet,14,0.0002777765194574992,7002,98.10188174247742
Transformer,15,2.7777751286824546e-05,6960,166.82003092765808
ViterbiNet,15,0.0001759248971939087,7002,98.22687935829163
Transformer,16,0.0,6960,164.03946805000305
ViterbiNet,16,1.8518368403116862e-05,7002,98.13312125205994
Transformer,17,0.0,6960,163.38326835632324
ViterbiNet,17,1.8518368403116862e-05,7002,98.21125555038452
Transformer,0,0.1839166247844696,6960,113.59914779663086
ViterbiNet,0,0.1802221808830897,7002,63.031977891922
Transformer,1,0.16794440229733784,6960,111.71871447563171
ViterbiNet,1,0.1572777380545934,7002,63.64123773574829
Transformer,2,0.14408329069614412,6960,111.3486864566803
ViterbiNet,2,0.13436107099056244,7002,63.54753065109253
Transformer,3,0.12169440428415934,6960,112.39538812637329
ViterbiNet,3,0.10866662402947744,7002,63.766247034072876
Transformer,4,0.10169440110524496,6960,111.62994194030762
ViterbiNet,4,0.08711106697718303,7002,63.43814778327942
Transformer,5,0.0780555123090744,6960,111.6611840724945
ViterbiNet,5,0.06622218032677968,7002,63.64125204086304
Transformer,6,0.06341662267843882,6960,112.56724882125854
ViterbiNet,6,0.047027737696965534,7002,64.01616406440735
Transformer,8,0.032777742942174275,6960,111.2922945022583
ViterbiNet,8,0.02324996829032898,7002,63.640403270721436
Transformer,9,0.02049997409184774,6960,112.00485396385193
ViterbiNet,9,0.013972201148668924,7002,63.6725287437439
Transformer,10,0.014111093084017435,6960,112.17658638954163
ViterbiNet,10,0.010972203612327576,7002,63.84435796737671
Transformer,11,0.00602776845296224,6960,112.58287072181702
ViterbiNet,11,0.0057777661085128785,7002,63.76621770858765
Transformer,12,0.0015555491050084432,6960,128.89149928092957
ViterbiNet,12,0.0021388779083887735,7002,81.82446694374084
Transformer,13,0.0011944405237833658,6960,127.5949296951294
ViterbiNet,13,0.0009027729431788126,7002,81.77760291099548
Transformer,14,0.00026851753393809,6960,165.9031879901886
ViterbiNet,14,0.0003425908088684082,7002,97.97690939903259
Transformer,15,0.0001388887564341227,6960,162.27425575256348
ViterbiNet,15,9.259223937988282e-05,7002,98.49244117736816
Transformer,16,1.8518368403116862e-05,6960,162.80527925491333
ViterbiNet,16,8.333305517832438e-05,7002,97.64888596534729
Transformer,17,0.0,6960,162.22729086875916
ViterbiNet,17,0.0,7002,97.64886236190796
Transformer,0,0.18624995628992716,6960,111.70797300338745
ViterbiNet,0,0.18008329232533773,7002,63.766194581985474
Transformer,1,0.1644721798102061,6960,112.59714365005493
ViterbiNet,1,0.15688884496688843,7002,63.563173055648804
Transformer,2,0.14166662514209746,6960,112.16177773475647
ViterbiNet,2,0.13152773737907408,7002,63.85995268821716
Transformer,3,0.11927773813406627,6960,112.84843277931213
ViterbiNet,3,0.10830551385879517,7002,63.78181552886963
Transformer,4,0.1028888471921285,6960,112.5047652721405
ViterbiNet,4,0.08574995636940003,7002,63.84432911872864
Transformer,5,0.08097217917442322,6960,112.42665529251099
ViterbiNet,5,0.06858329037825267,7002,63.469420194625854
Transformer,6,0.05913884540398916,6960,112.20796155929565
ViterbiNet,6,0.05024995764096578,7002,63.85995030403137
Transformer,8,0.03383329808712006,6960,112.77029919624329
ViterbiNet,8,0.026333298484484353,7002,63.90684247016907
Transformer,9,0.023916640281677247,6960,112.45891308784485
ViterbiNet,9,0.017055529554684958,7002,63.74584484100342
Transformer,10,0.012444428006807963,6960,112.61408519744873
ViterbiNet,10,0.008861094911893208,7002,63.54752850532532
Transformer,11,0.0068055472771326704,6960,111.7549147605896
ViterbiNet,11,0.005888878305753072,7002,63.625627517700195
Transformer,12,0.001902769406636556,6960,127.86049175262451
ViterbiNet,12,0.002222211758295695,7002,81.90260171890259
Transformer,13,0.0015833274523417156,6960,128.5946934223175
ViterbiNet,13,0.001138882835706075,7002,82.19937825202942
Transformer,14,0.0004166652758916219,6960,179.957590341568
ViterbiNet,14,0.0007685152689615886,7002,98.38993215560913
Transformer,15,6.481468677520752e-05,6960,166.40248131752014
ViterbiNet,15,0.00037962794303894045,7002,97.55516242980957
Transformer,16,0.00017592549324035644,6960,162.93035173416138
ViterbiNet,16,1.8518368403116862e-05,7002,97.5551655292511
Transformer,17,0.0,6960,164.35189127922058
ViterbiNet,17,2.7777751286824546e-05,7002,97.72696876525879
Transformer,0,0.18580551266670228,6960,111.83304619789124
ViterbiNet,0,0.17947218139966328,7002,63.48503851890564
Transformer,1,0.16366662442684174,6960,111.75481081008911
ViterbiNet,1,0.15813884794712066,7002,64.25048327445984
Transformer,2,0.1421666246652603,6960,112.70292162895203
ViterbiNet,2,0.13277773638566334,7002,63.62565279006958
Transformer,3,0.12247218171755472,6960,111.66090178489685
ViterbiNet,3,0.10916662315527598,7002,63.57876777648926
Transformer,4,0.1005555135011673,6960,112.19228649139404
ViterbiNet,4,0.08716662148634592,7002,63.500659704208374
Transformer,5,0.07758328934510549,6960,112.64529848098755
ViterbiNet,5,0.06588884472846984,7002,63.984920263290405
Transformer,6,0.06283328910668691,6960,112.39539217948914
ViterbiNet,6,0.049166625936826074,7002,63.6412467956543
Transformer,8,0.03555551767349243,6960,112.05169558525085
ViterbiNet,8,0.025277745127677918,7002,63.703736782073975
Transformer,9,0.021388863523801167,6960,112.72341132164001
ViterbiNet,9,0.019472194910049437,7002,63.75060153007507
Transformer,10,0.015249980886777242,6960,112.38188648223877
ViterbiNet,10,0.011805535753568014,7002,63.7956919670105
Transformer,11,0.005888879696528117,6960,112.11420273780823
ViterbiNet,11,0.005611100395520528,7002,63.57876753807068
Transformer,12,0.001819436550140381,6960,127.71989965438843
ViterbiNet,12,0.0020277676979700726,7002,81.71511745452881
Transformer,13,0.0008333301544189453,6960,128.07919144630432
ViterbiNet,13,0.0006527743736902872,7002,81.88698077201843
Transformer,14,0.0003333324193954468,6960,175.02125096321106
ViterbiNet,14,0.0002870357036590576,7002,98.10191059112549
Transformer,15,3.7036935488382975e-05,6960,167.03875970840454
ViterbiNet,15,0.00010185122489929199,7002,98.18639016151428
Transformer,16,2.7777751286824546e-05,6960,162.9772162437439
ViterbiNet,16,6.481448809305827e-05,7002,97.91442632675171
Transformer,17,0.0,6960,163.18029379844666
ViterbiNet,17,1.8518368403116862e-05,7002,97.82072710990906
Transformer,0,0.18622217953205109,6960,112.06736636161804
ViterbiNet,0,0.180555513103803,7002,63.656842947006226
Transformer,1,0.1674444035689036,6960,112.62970471382141
ViterbiNet,1,0.159583291610082,7002,63.672523021698
Transformer,2,0.14258329153060914,6960,111.28630185127258
ViterbiNet,2,0.13313884715239208,7002,63.547523736953735
Transformer,3,0.1177777361869812,6960,111.92428088188171
ViterbiNet,3,0.11036106805006662,7002,63.5787308216095
Transformer,4,0.10236106932163239,6960,111.93857526779175
ViterbiNet,4,0.08727773527304332,7002,63.56315088272095
Transformer,5,0.08058329065640768,6960,111.55186247825623
ViterbiNet,5,0.06508329093456268,7002,63.53187441825867
Transformer,6,0.06327773431936899,6960,112.12982106208801
ViterbiNet,6,0.04811107138792674,7002,63.73500919342041
Transformer,8,0.03577774127324422,6960,111.42686319351196
ViterbiNet,8,0.024527745842933654,7002,63.53193140029907
Transformer,9,0.02236108680566152,6960,112.0516529083252
ViterbiNet,9,0.016361088355382282,7002,63.500653982162476
Transformer,10,0.013749983906745911,6960,112.02049899101257
ViterbiNet,10,0.008722208142280578,7002,63.51628613471985
Transformer,11,0.0062499910593032835,6960,112.21239185333252
ViterbiNet,11,0.007888872226079304,7002,63.5474956035614
Transformer,12,0.0017777707179387411,6960,127.82774543762207
ViterbiNet,12,0.0019027682145436604,7002,81.90260243415833
Transformer,13,0.0009722195068995158,6960,127.90735507011414
ViterbiNet,13,0.0018333232402801514,7002,81.79322361946106
Transformer,14,0.0002962950865427653,6960,165.89840292930603
ViterbiNet,14,0.00039814651012420654,7002,99.07043099403381
Transformer,15,5.555550257364909e-05,6960,163.2896432876587
ViterbiNet,15,0.00013888816038767497,7002,97.93004631996155
Transformer,16,0.00011111100514729818,6960,163.80835008621216
ViterbiNet,16,5.555530389149984e-05,7002,97.49267721176147
Transformer,17,0.0,6960,163.08656573295593
ViterbiNet,17,1.8518368403116862e-05,7002,98.10188126564026
Transformer,0,0.18638884723186494,6960,112.44221663475037
ViterbiNet,0,0.1810277352730433,7002,63.90681457519531
Transformer,1,0.1648888458808263,6960,112.52036595344543
ViterbiNet,1,0.15863884846369425,7002,63.75056457519531
Transformer,2,0.1422777380545934,6960,112.30169224739075
ViterbiNet,2,0.1327777361869812,7002,63.50061655044556
Transformer,3,0.12033329188823699,6960,111.8330442905426
ViterbiNet,3,0.10838884631792704,7002,63.45379638671875
Transformer,4,0.09974995831648509,6960,112.26951193809509
ViterbiNet,4,0.08627773642539978,7002,63.485015869140625
Transformer,5,0.07649995605150858,6960,111.97357869148254
ViterbiNet,5,0.06758329153060913,7002,63.53742837905884
Transformer,6,0.06299995760122935,6960,112.72343468666077
ViterbiNet,6,0.048999958237012226,7002,63.51638388633728
Transformer,8,0.032416632572809856,6960,112.14547395706177
ViterbiNet,8,0.026916632850964864,7002,63.531874656677246
Transformer,9,0.021277752916018168,6960,111.86425828933716
ViterbiNet,9,0.01749997278054555,7002,63.5631742477417
Transformer,10,0.014944427212079366,6960,112.28593420982361
ViterbiNet,10,0.009666650692621867,7002,63.68811583518982
Transformer,11,0.006499991814295451,6960,112.69221615791321
ViterbiNet,11,0.004805546601613362,7002,63.641255378723145
Transformer,12,0.0014027718702952067,6960,127.84096693992615
ViterbiNet,12,0.0020277671019236247,7002,81.72654819488525
Transformer,13,0.0009166618188222249,6960,127.04818367958069
ViterbiNet,13,0.0007916621367136638,7002,81.80884575843811
Transformer,14,0.0005370356639226278,6960,177.06765460968018
ViterbiNet,14,0.0003333314259847005,7002,98.21125388145447
Transformer,15,5.555530389149984e-05,6960,167.75733470916748
ViterbiNet,15,5.555510520935058e-05,7002,98.9454596042633
Transformer,16,0.00021296262741088868,6960,163.02408003807068
ViterbiNet,16,0.0001388883590698242,7002,98.36747193336487
Transformer,17,8.333325386047363e-05,6960,164.01942825317383
ViterbiNet,17,0.0,7002,97.82069826126099
Transformer,0,0.1854999566078186,6960,112.78588247299194
ViterbiNet,0,0.18027773678302764,7002,63.76624774932861
Transformer,1,0.1640277361869812,6960,112.16106677055359
ViterbiNet,1,0.15611106952031453,7002,63.953715324401855
Transformer,2,0.13966662486394246,6960,112.36405992507935
ViterbiNet,2,0.13097218096256255,7002,63.73501110076904
Transformer,3,0.11847218116124471,6960,112.6765706539154
ViterbiNet,3,0.10819440265496572,7002,63.70373749732971
Transformer,4,0.0978332906961441,6960,111.73928594589233
ViterbiNet,4,0.08974995652834575,7002,63.76622796058655
Transformer,5,0.08261106610298156,6960,112.86006617546082
ViterbiNet,5,0.06705551266670227,7002,63.87557125091553
Transformer,6,0.06058328926563263,6960,112.53602004051208
ViterbiNet,6,0.047472182313601174,7002,63.63791084289551
Transformer,8,0.031888854106267295,6960,112.36412620544434
ViterbiNet,8,0.02311108112335205,7002,63.54751920700073
Transformer,9,0.021138863762219746,6960,112.55150318145752
ViterbiNet,9,0.014916642904281616,7002,64.2036247253418
Transformer,10,0.011222208340962728,6960,112.64529991149902
ViterbiNet,10,0.007583319942156474,7002,63.62572646141052
Transformer,11,0.005472213625907898,6960,112.64530110359192
ViterbiNet,11,0.0048333261410395305,7002,63.500659704208374
Transformer,12,0.002472212513287862,6960,128.70404267311096
ViterbiNet,12,0.0018194361527760824,7002,82.19938325881958
Transformer,13,0.0006944411993026734,6960,127.6459014415741
ViterbiNet,13,0.001069438656171163,7002,82.37608408927917
Transformer,14,0.00024999956289927167,6960,170.56907486915588
ViterbiNet,14,0.0002499989668528239,7002,97.57075715065002
Transformer,15,0.0,6960,164.28940773010254
ViterbiNet,15,0.00012036979198455811,7002,98.16436672210693
Transformer,16,0.0,6960,163.89884686470032
ViterbiNet,16,3.7036736806233724e-05,7002,97.83635520935059
Transformer,17,0.0,6960,163.08656477928162
ViterbiNet,17,1.8518368403116862e-05,7002,97.98917818069458
Transformer,0,0.18594440082708993,6960,111.86423254013062
ViterbiNet,0,0.18036106963952384,7002,63.59439015388489
Transformer,1,0.16449995597203573,6960,112.20793056488037
ViterbiNet,1,0.15724995911121367,7002,63.500659704208374
Transformer,2,0.1416110686461131,6960,111.98920941352844
ViterbiNet,2,0.13374995986620586,7002,63.45379567146301
Transformer,3,0.11969440440336863,6960,111.98924660682678
ViterbiNet,3,0.1115832914908727,7002,63.43813514709473
Transformer,4,0.09791662414868672,6960,112.33279919624329
ViterbiNet,4,0.08772217810153961,7002,63.23514008522034
Transformer,5,0.07663884500662486,6960,112.0048246383667
ViterbiNet,5,0.06577773332595825,7002,63.21947646141052
Transformer,6,0.06130551238854726,6960,112.81971406936646
ViterbiNet,6,0.05066662609577179,7002,63.328826665878296
Transformer,8,0.03536107420921326,6960,111.9111270904541
ViterbiNet,8,0.02449996809164683,7002,63.3920111656189
Transformer,9,0.020527753432591757,6960,112.44222712516785
ViterbiNet,9,0.017361085812250772,7002,63.281962156295776
Transformer,10,0.0130555393298467,6960,112.30165791511536
ViterbiNet,10,0.013277755578358969,7002,63.57876753807068
Transformer,11,0.007277767658233642,6960,112.33287239074707
ViterbiNet,11,0.006972209215164184,7002,63.40693283081055
Transformer,12,0.002791654864947001,6960,127.90735650062561
ViterbiNet,12,0.0025833205382029215,7002,81.6994960308075
Transformer,13,0.000652775764465332,6960,128.09478640556335
ViterbiNet,13,0.0005277748902638754,7002,82.14706420898438
Transformer,14,0.0002222218116124471,6960,166.415842294693
ViterbiNet,14,0.00039814690748850507,7002,97.63324165344238
Transformer,15,0.00019444406032562256,6960,163.39899134635925
ViterbiNet,15,0.00012962917486826578,7002,97.69572758674622
Transformer,16,8.333305517832438e-05,6960,163.7738709449768
ViterbiNet,16,1.8518368403116862e-05,7002,98.07063794136047
Transformer,17,1.8518368403116862e-05,6960,165.4141182899475
ViterbiNet,17,4.629611968994141e-05,7002,97.80507636070251
Transformer,0,0.1853332895040512,6960,112.67646765708923
ViterbiNet,0,0.1808332920074463,7002,64.47494411468506
Transformer,1,0.16477773547172547,6960,112.17665982246399
ViterbiNet,1,0.15655551433563233,7002,63.672494411468506
Transformer,2,0.1417499589920044,6960,112.489013671875
ViterbiNet,2,0.13249995867411296,7002,63.67249250411987
Transformer,3,0.12186107178529104,6960,112.92648434638977
ViterbiNet,3,0.1095277359088262,7002,63.82870864868164
Transformer,4,0.10111106852690378,6960,112.75464820861816
ViterbiNet,4,0.08741662244002024,7002,63.54752469062805
Transformer,5,0.07813884556293488,6960,111.86423444747925
ViterbiNet,5,0.06624995628992716,7002,63.56314563751221
Transformer,6,0.06363884488741557,6960,112.47346639633179
ViterbiNet,6,0.048916625380516054,7002,63.61000895500183
Transformer,8,0.03233329812685649,6960,112.80151867866516
ViterbiNet,8,0.023499969641367593,7002,63.60725736618042
Transformer,9,0.022805526653925576,6960,112.62960457801819
ViterbiNet,9,0.014722201426823935,7002,63.70003604888916
Transformer,10,0.012722205718358357,6960,112.95775055885315
ViterbiNet,10,0.00863887369632721,7002,63.73497986793518
Transformer,11,0.0051944371064503985,6960,112.42660689353943
ViterbiNet,11,0.0077499842643737795,7002,63.84432816505432
Transformer,12,0.002236102819442749,6960,128.53217768669128
ViterbiNet,12,0.0019722115993499757,7002,81.80885124206543
Transformer,13,0.0008749965826670329,6960,127.68865656852722
ViterbiNet,13,0.0008749951918919881,7002,81.87133550643921
Transformer,14,0.0002870362997055054,6960,165.96086049079895
ViterbiNet,14,0.0003240726391474406,7002,98.04573702812195
Transformer,15,0.00020370304584503175,6960,163.97165894508362
ViterbiNet,15,0.00010185122489929199,7002,97.83631825447083
Transformer,16,0.0,6960,163.0865650177002
ViterbiNet,16,6.481448809305827e-05,7002,98.39868688583374
Transformer,17,0.00010185162226359049,6960,163.32088422775269
ViterbiNet,17,3.7036736806233724e-05,7002,97.80507588386536
Transformer,0,0.19002773503462472,6960,113.2389087677002
ViterbiNet,0,0.18130551278591156,7002,63.42255353927612
Transformer,1,0.16361107011636097,6960,112.03609609603882
ViterbiNet,1,0.15658329208691915,7002,63.83296465873718
Transformer,2,0.14199995736281076,6960,111.94234848022461
ViterbiNet,2,0.13236107051372528,7002,63.45379614830017
Transformer,3,0.12186106979846954,6960,111.77051115036011
ViterbiNet,3,0.11041662474473317,7002,63.39131140708923
Transformer,4,0.09899995843569438,6960,112.36411452293396
ViterbiNet,4,0.08483328819274902,7002,63.40693235397339
Transformer,5,0.07847217818101247,6960,112.5515718460083
ViterbiNet,5,0.06441662152608235,7002,63.2663459777832
Transformer,6,0.06263884445031484,6960,112.25481605529785
ViterbiNet,6,0.04919440249602,7002,63.45377564430237
Transformer,8,0.03388885259628296,6960,112.02044701576233
ViterbiNet,8,0.024416636029879254,7002,63.500661849975586
Transformer,9,0.022194416721661885,6960,113.0358374118805
ViterbiNet,9,0.01722219665845235,7002,63.47022032737732
Transformer,10,0.013388871947924296,6960,111.75491237640381
ViterbiNet,10,0.010277760227521261,7002,63.26634168624878
Transformer,11,0.007361101309458415,6960,112.27031207084656
ViterbiNet,11,0.009472205638885497,7002,63.39131045341492
Transformer,12,0.002444434563318888,6960,127.11064338684082
ViterbiNet,12,0.0020138790210088094,7002,82.02754426002502
Transformer,13,0.0006527747710545858,6960,127.90733075141907
ViterbiNet,13,0.0012777707974116008,7002,82.04316592216492
Transformer,14,0.0004907399415969849,6960,164.9454746246338
ViterbiNet,14,0.00023148000240325929,7002,98.17998766899109
Transformer,15,0.00017592549324035644,6960,163.87013816833496
ViterbiNet,15,7.407347361246745e-05,7002,97.36767935752869
Transformer,16,5.555530389149984e-05,6960,163.19994568824768
ViterbiNet,16,4.629611968994141e-05,7002,97.97691869735718
Transformer,17,9.259243806203207e-05,6960,162.9459743499756
ViterbiNet,17,0.0,7002,98.13312315940857
Transformer,0,0.18655551175276439,6960,112.5047357082367
ViterbiNet,0,0.18052773793538412,7002,63.781843423843384
Transformer,1,0.1632777363061905,6960,112.66092252731323
ViterbiNet,1,0.1565277361869812,7002,63.6099853515625
Transformer,2,0.13949995934963227,6960,111.9578902721405
ViterbiNet,2,0.13197218199570973,7002,63.81308674812317
Transformer,3,0.11966662526130677,6960,112.72281241416931
ViterbiNet,3,0.10822218080361684,7002,63.50066041946411
Transformer,4,0.0994166253010432,6960,112.41100859642029
ViterbiNet,4,0.08808328847090403,7002,63.67249417304993
Transformer,5,0.07791662255922953,6960,112.73905658721924
ViterbiNet,5,0.06749995569388072,7002,63.50065994262695
Transformer,6,0.06336106856664021,6960,111.89547634124756
ViterbiNet,6,0.050111069083213805,7002,63.547523736953735
Transformer,8,0.03302774449189504,6960,112.12979936599731
ViterbiNet,8,0.023416635195414225,7002,63.18823313713074
Transformer,9,0.02113886257012685,6960,112.05169439315796
ViterbiNet,9,0.016111085414886473,7002,63.28196120262146
Transformer,10,0.016805535356203716,6960,112.1454222202301
ViterbiNet,10,0.010527758002281189,7002,63.82676410675049
Transformer,11,0.005055548747380575,6960,111.98920965194702
ViterbiNet,11,0.009222205281257629,7002,63.77739882469177
Transformer,12,0.0022916577259699503,6960,128.0967984199524
ViterbiNet,12,0.0023888784646987917,7002,81.87133145332336
Transformer,13,0.0008611079057057699,6960,127.23561143875122
ViterbiNet,13,0.0010138829549153647,7002,82.15251541137695
Transformer,14,0.0003518509864807129,6960,191.87669110298157
ViterbiNet,14,0.0005648122231165568,7002,98.02373194694519
Transformer,15,0.00010185142358144124,6960,168.10100865364075
ViterbiNet,15,0.00041666507720947263,7002,98.14878296852112
Transformer,16,0.0,6960,164.0559811592102
ViterbiNet,16,5.555530389149984e-05,7002,98.0188775062561
Transformer,17,3.7036935488382975e-05,6960,163.6333110332489
ViterbiNet,17,1.8518368403116862e-05,7002,97.71134853363037
Transformer,0,0.18563884635766348,6960,112.56719398498535
ViterbiNet,0,0.18072218159834544,7002,63.61000943183899
Transformer,1,0.1631110692024231,6960,111.86423659324646
ViterbiNet,1,0.15616662422815958,7002,63.750601291656494
Transformer,2,0.14197218000888825,6960,113.17645311355591
ViterbiNet,2,0.133527734875679,7002,63.67249536514282
Transformer,3,0.1189166263739268,6960,112.4578492641449
ViterbiNet,3,0.1086666230360667,7002,63.81308174133301
Transformer,4,0.10036106904347737,6960,112.1540138721466
ViterbiNet,4,0.08738884369532267,7002,63.46941685676575
Transformer,5,0.07930551211039226,6960,112.36412215232849
ViterbiNet,5,0.06541662434736888,7002,63.6412513256073
Transformer,6,0.06424995601177215,6960,112.41098427772522
ViterbiNet,6,0.04816662569840749,7002,63.750601291656494
Transformer,8,0.03399996380011241,6960,112.23914813995361
ViterbiNet,8,0.024638858834902445,7002,63.91402792930603
Transformer,9,0.024499970277150472,6960,112.41097903251648
ViterbiNet,9,0.01713886280854543,7002,63.59438681602478
Transformer,10,0.014027758042017618,6960,112.62967443466187
ViterbiNet,10,0.009361095031102499,7002,63.50066351890564
Transformer,11,0.005583324631055196,6960,112.08297085762024
ViterbiNet,11,0.006833320260047912,7002,63.96482539176941
Transformer,12,0.0021249920129776,6960,128.2197515964508
ViterbiNet,12,0.002347212036450704,7002,81.85827994346619
Transformer,13,0.0007499974966049195,6960,127.67300772666931
ViterbiNet,13,0.001499992609024048,7002,81.8869526386261
Transformer,14,0.00023148099581400553,6960,165.74218940734863
ViterbiNet,14,0.0005277758836746216,7002,97.89880561828613
Transformer,15,0.00012037018934885661,6960,162.7116255760193
ViterbiNet,15,0.00024073998133341472,7002,97.74259209632874
Transformer,16,0.0,6960,163.02404952049255
ViterbiNet,16,4.629611968994141e-05,7002,97.77147817611694
Transformer,17,0.00012037018934885661,6960,162.76722240447998
ViterbiNet,17,0.0,7002,97.68010711669922
Transformer,0,0.18402773539225262,6960,112.80150485038757
ViterbiNet,0,0.18074995934963226,7002,63.46941828727722
Transformer,1,0.16236106991767885,6960,112.00485420227051
ViterbiNet,1,0.16024995644887288,7002,63.500662088394165
Transformer,2,0.1386944047609965,6960,112.39535713195801
ViterbiNet,2,0.13299995799859365,7002,63.516282081604004
Transformer,3,0.12069440325101216,6960,112.83278346061707
ViterbiNet,3,0.10927773455778758,7002,63.70373725891113
Transformer,4,0.09988884667555491,6960,112.70781326293945
ViterbiNet,4,0.08591662247975668,7002,63.67249512672424
Transformer,5,0.07933329045772552,6960,112.40258955955505
ViterbiNet,5,0.06738884607950846,7002,63.531901836395264
Transformer,6,0.06261106808980306,6960,112.52035665512085
ViterbiNet,6,0.0464166263739268,7002,63.65687394142151
Transformer,8,0.03433329701423645,6960,111.98923230171204
ViterbiNet,8,0.026333301067352294,7002,63.64125156402588
Transformer,9,0.022694416642189026,6960,112.41100835800171
ViterbiNet,9,0.019083305199941,7002,63.51628136634827
Transformer,10,0.013611092567443847,6960,111.73929572105408
ViterbiNet,10,0.010111095309257507,7002,63.43814492225647
Transformer,11,0.005722213784853617,6960,112.12982153892517
ViterbiNet,11,0.0074722067515055335,7002,63.2819619178772
Transformer,12,0.001958324909210205,6960,127.51682305335999
ViterbiNet,12,0.0016388805707295735,7002,82.41974091529846
Transformer,13,0.0009861071904500327,6960,127.67301058769226
ViterbiNet,13,0.0007499965031941731,7002,81.73566365242004
Transformer,14,0.0002685179313023885,6960,170.03794598579407
ViterbiNet,14,0.00043518265088399253,7002,97.94566750526428
Transformer,15,0.0001481477419535319,6960,164.4143786430359
ViterbiNet,15,0.0002499989668528239,7002,97.91442561149597
Transformer,16,7.407387097676595e-05,6960,162.93032455444336
ViterbiNet,16,4.629611968994141e-05,7002,97.47703456878662
Transformer,17,1.8518368403116862e-05,6960,163.63328409194946
ViterbiNet,17,3.7036736806233724e-05,7002,98.00350499153137
Transformer,0,0.187305512825648,6960,111.89501070976257
ViterbiNet,0,0.1814999598264694,7002,63.64122939109802
Transformer,1,0.16736106912295023,6960,112.00485372543335
ViterbiNet,1,0.15758329232533771,7002,63.594388008117676
Transformer,2,0.14352773745854697,6960,112.06737542152405
ViterbiNet,2,0.13202773670355478,7002,63.85994076728821
Transformer,3,0.11905551532904307,6960,112.14547610282898
ViterbiNet,3,0.10833329220612843,7002,63.406902551651
Transformer,4,0.10024995764096578,6960,112.42662954330444
ViterbiNet,4,0.08574995756149292,7002,64.04740619659424
Transformer,5,0.08238884568214416,6960,111.87988305091858
ViterbiNet,5,0.06547217905521392,7002,63.469521045684814
Transformer,6,0.06155551334222158,6960,112.2091805934906
ViterbiNet,6,0.049166624943415324,7002,63.68811631202698
Transformer,8,0.031055520375569662,6960,111.9110996723175
ViterbiNet,8,0.025499967336654664,7002,63.547523736953735
Transformer,9,0.023694416483243306,6960,112.36412262916565
ViterbiNet,9,0.012861090103785196,7002,63.54752326011658
Transformer,10,0.011833317279815674,6960,112.52036190032959
ViterbiNet,10,0.008583317796389262,7002,63.51627588272095
